/*******************************************************************************
 * Size: 12 px
 * Bpp: 4
 * Opts: undefined
 ******************************************************************************/

#ifdef LV_LVGL_H_INCLUDE_SIMPLE
#include "lvgl.h"
#else
#include "lvgl.h"
#endif

#ifndef LV_FONT_AAPINGPINGGUOGUOXIANGSUTI_12
#define LV_FONT_AAPINGPINGGUOGUOXIANGSUTI_12 1
#endif

#if LV_FONT_AAPINGPINGGUOGUOXIANGSUTI_12

/*-----------------
 *    BITMAPS
 *----------------*/

/*Store the image of the glyphs*/
static LV_ATTRIBUTE_LARGE_CONST const uint8_t glyph_bitmap[] = {
    /* U+0020 " " */

    /* U+0021 "!" */
    0x4f, 0xc4, 0xfc, 0x4f, 0xc4, 0xfc, 0x29, 0x60,
    0x0, 0x0, 0x2, 0x97, 0x4f, 0xc0,

    /* U+0022 "\"" */
    0x4f, 0x8e, 0x4f, 0x8e, 0x4f, 0x8e, 0x3, 0x12,

    /* U+0023 "#" */
    0xf, 0x8f, 0x20, 0xf, 0x8f, 0x20, 0xf, 0x8f,
    0x20, 0xef, 0xff, 0xf0, 0xf, 0x8f, 0x30, 0xdf,
    0xff, 0xf0, 0x1f, 0x9f, 0x30, 0xf, 0x8f, 0x20,
    0xf, 0x8f, 0x20,

    /* U+0024 "$" */
    0x0, 0xa9, 0x0, 0xa, 0xff, 0x60, 0x9c, 0xbb,
    0xf5, 0x9b, 0xba, 0x41, 0xb, 0xfa, 0x0, 0x0,
    0xdf, 0xd4, 0x9b, 0xba, 0xf5, 0x1c, 0xff, 0x81,
    0x1, 0xba, 0x0,

    /* U+0025 "%" */
    0xb, 0x90, 0xf5, 0x9c, 0xdb, 0xd4, 0x9b, 0xdf,
    0x60, 0x4d, 0xcf, 0x60, 0x0, 0xd8, 0x0, 0xb,
    0xff, 0xb2, 0xb, 0xf8, 0xf5, 0x7c, 0xe8, 0xf5,
    0x9b, 0xe, 0x60,

    /* U+0026 "&" */
    0xa, 0xf9, 0x0, 0x9c, 0x1e, 0x70, 0x9c, 0xe,
    0x70, 0x4d, 0xfc, 0x30, 0xa, 0xe7, 0x0, 0x9c,
    0xcc, 0xf6, 0x9c, 0xe, 0xe4, 0x9c, 0x1e, 0x80,
    0xa, 0xf9, 0xf6,

    /* U+0027 "'" */
    0x0, 0x7d, 0x4, 0xda, 0x6, 0xf0, 0x4f, 0x10,
    0x1, 0x0,

    /* U+0028 "(" */
    0x0, 0x9, 0xc0, 0x4d, 0xd0, 0x6, 0xf1, 0x4,
    0xf0, 0x0, 0x4f, 0x0, 0x4, 0xf0, 0x0, 0x8,
    0xf0, 0x0, 0x4e, 0xd0, 0x0, 0x9, 0xc0,

    /* U+0029 ")" */
    0x3f, 0x10, 0x0, 0x5f, 0xa0, 0x0, 0x8e, 0x0,
    0x0, 0x8d, 0x0, 0x8, 0xd0, 0x0, 0x8d, 0x0,
    0x7e, 0x20, 0x5f, 0xb0, 0x3f, 0x10, 0x0,

    /* U+002A "*" */
    0x4, 0xd0, 0x9, 0xdd, 0xf2, 0x3f, 0xfa, 0x0,
    0xfe, 0x70, 0x8a, 0x4e, 0x20,

    /* U+002B "+" */
    0x0, 0x0, 0x0, 0x0, 0x7, 0xe0, 0x0, 0x0,
    0x7e, 0x0, 0xa, 0xff, 0xff, 0xf0, 0x12, 0x8e,
    0x22, 0x0, 0x7, 0xe0, 0x0,

    /* U+002C "," */
    0x6f, 0xe4, 0xee, 0x7, 0xe0,

    /* U+002D "-" */
    0x3f, 0xff, 0xfa, 0x2, 0x22, 0x21,

    /* U+002E "." */
    0x3c, 0xc4, 0xff,

    /* U+002F "/" */
    0x0, 0x6, 0xf0, 0x2, 0xac, 0x0, 0x4f, 0x0,
    0x1a, 0xf0, 0x3, 0xf2, 0x0, 0x3f, 0x20, 0x1f,
    0x30, 0xc, 0xd2, 0x0, 0xf5, 0x0, 0x0,

    /* U+0030 "0" */
    0x4f, 0xff, 0xf4, 0x4f, 0x44, 0xf4, 0x4f, 0x33,
    0xf4, 0x4f, 0x33, 0xf4, 0x4f, 0x33, 0xf4, 0x4f,
    0x33, 0xf4, 0x4f, 0xff, 0xf4, 0x1, 0x11, 0x10,

    /* U+0031 "1" */
    0x0, 0x3f, 0x40, 0x3f, 0xff, 0x40, 0x2, 0x5f,
    0x40, 0x0, 0x3f, 0x40, 0x0, 0x3f, 0x40, 0x0,
    0x3f, 0x40, 0x3e, 0xff, 0xf3, 0x1, 0x11, 0x10,

    /* U+0032 "2" */
    0x4f, 0xff, 0xf3, 0x1, 0x14, 0xf3, 0x0, 0x4,
    0xf3, 0x4f, 0xff, 0xf3, 0x4f, 0x42, 0x30, 0x4f,
    0x30, 0xf4, 0x3f, 0xfe, 0xf4, 0x1, 0x11, 0x10,

    /* U+0033 "3" */
    0x4f, 0xff, 0xf4, 0x1, 0x14, 0xf4, 0x0, 0x3,
    0xf4, 0x0, 0x3, 0xf4, 0x3f, 0xff, 0xf4, 0x2,
    0x25, 0xf4, 0x3f, 0xff, 0xf4, 0x2, 0x22, 0x20,

    /* U+0034 "4" */
    0x4f, 0x33, 0xf3, 0x4f, 0x33, 0xf3, 0x4f, 0x33,
    0xf3, 0x4f, 0x33, 0xf3, 0x4f, 0xff, 0xf3, 0x2,
    0x25, 0xf3, 0x0, 0x3, 0xf3, 0x0, 0x1, 0x92,

    /* U+0035 "5" */
    0x3f, 0xff, 0xf4, 0x3f, 0x41, 0x10, 0x4f, 0x30,
    0x0, 0x4f, 0xff, 0xf3, 0x1, 0x14, 0xf3, 0x0,
    0x4, 0xf3, 0x4f, 0xff, 0xf3, 0x2, 0x22, 0x20,

    /* U+0036 "6" */
    0x3f, 0xff, 0xf3, 0x3f, 0x40, 0x0, 0x3f, 0x30,
    0x0, 0x3f, 0xff, 0xf3, 0x3f, 0x44, 0xf3, 0x3f,
    0x33, 0xf3, 0x4f, 0xff, 0xf3, 0x2, 0x22, 0x20,

    /* U+0037 "7" */
    0x4f, 0xff, 0xf3, 0x1, 0x14, 0xf3, 0x0, 0x3,
    0xf3, 0x0, 0x3, 0xf3, 0x0, 0x4, 0xf3, 0x0,
    0x4, 0xf2, 0x0, 0x4, 0xf2, 0x0, 0x2, 0x91,

    /* U+0038 "8" */
    0x4f, 0xff, 0xf3, 0x3f, 0x44, 0xf3, 0x3f, 0x33,
    0xf3, 0x3f, 0x33, 0xf3, 0x3f, 0xff, 0xf3, 0x3f,
    0x55, 0xf3, 0x3f, 0xff, 0xf3, 0x1, 0x11, 0x10,

    /* U+0039 "9" */
    0xf, 0xff, 0xf0, 0xf, 0x55, 0xf0, 0xf, 0x44,
    0xf0, 0xf, 0x44, 0xf0, 0xf, 0xff, 0xf0, 0x2,
    0x26, 0xf0, 0x0, 0x4, 0xf0, 0x0, 0x2, 0x90,

    /* U+003A ":" */
    0x1d, 0xd2, 0x1f, 0xf2, 0x0, 0x0, 0x0, 0x0,
    0x1d, 0xd2, 0x1f, 0xf2,

    /* U+003B ";" */
    0x2d, 0xd1, 0x2f, 0xf1, 0x0, 0x0, 0x0, 0x0,
    0x2f, 0xf1, 0x2d, 0xf1, 0x4, 0xf1,

    /* U+003C "<" */
    0x0, 0x0, 0xb9, 0x0, 0x9, 0xe7, 0x0, 0x8c,
    0x10, 0x4f, 0xe0, 0x0, 0x7, 0xe0, 0x0, 0x0,
    0x9f, 0xa0, 0x0, 0x12, 0xb7, 0x0, 0x0, 0xb9,

    /* U+003D "=" */
    0x5f, 0xff, 0xf9, 0x1, 0x11, 0x10, 0x4f, 0xff,
    0xf9, 0x2, 0x22, 0x21,

    /* U+003E ">" */
    0x5f, 0x0, 0x0, 0x4e, 0xd0, 0x0, 0x0, 0x9b,
    0x0, 0x0, 0xa, 0xf8, 0x0, 0xa, 0xb1, 0x6,
    0xfc, 0x0, 0x4d, 0x21, 0x0, 0x5f, 0x0, 0x0,

    /* U+003F "?" */
    0xb, 0xff, 0x70, 0x9c, 0x11, 0xf5, 0x9b, 0x0,
    0xf5, 0x34, 0x7f, 0xa2, 0x0, 0xd8, 0x0, 0x0,
    0x0, 0x0, 0x0, 0x0, 0x0, 0x0, 0x96, 0x0,
    0x0, 0xd8, 0x0,

    /* U+0040 "@" */
    0x5f, 0xff, 0xf8, 0x1, 0x11, 0xc9, 0x6, 0xc0,
    0xc9, 0x5f, 0x9c, 0xc9, 0x5f, 0x9c, 0xc9, 0x5f,
    0x9c, 0xc9, 0x5f, 0x9c, 0xc9, 0x3c, 0xfe, 0xe6,

    /* U+0041 "A" */
    0x3, 0xf2, 0x1, 0xfe, 0xf1, 0x1f, 0x8f, 0x1a,
    0xa4, 0xaa, 0xf5, 0x6, 0xff, 0xff, 0xff, 0xf7,
    0x27, 0xff, 0x50, 0x6f,

    /* U+0042 "B" */
    0xf, 0xff, 0xf7, 0xf, 0x51, 0x7e, 0xf, 0x40,
    0x6e, 0xf, 0xff, 0xf0, 0xf, 0x66, 0xf0, 0xf,
    0x40, 0x7e, 0xf, 0x51, 0x7e, 0xf, 0xff, 0xf7,

    /* U+0043 "C" */
    0x7e, 0xff, 0xe4, 0x9c, 0x11, 0xf6, 0x9c, 0x0,
    0x0, 0x9c, 0x0, 0x0, 0x9c, 0x0, 0x0, 0x9c,
    0x0, 0xc4, 0x9c, 0x11, 0xf6, 0xa, 0xff, 0x70,

    /* U+0044 "D" */
    0xf, 0xff, 0xf0, 0xf, 0x51, 0x7e, 0xf, 0x40,
    0x6e, 0xf, 0x40, 0x6e, 0xf, 0x40, 0x6e, 0xf,
    0x40, 0x6e, 0xf, 0x55, 0xf5, 0xf, 0xff, 0x30,

    /* U+0045 "E" */
    0xf, 0xff, 0xfe, 0xf, 0x51, 0x10, 0xf, 0x50,
    0x0, 0xf, 0xff, 0xf0, 0xf, 0x62, 0x20, 0xf,
    0x50, 0x0, 0xf, 0x51, 0x10, 0xf, 0xff, 0xfe,

    /* U+0046 "F" */
    0xf, 0xff, 0xfe, 0xf, 0x51, 0x10, 0xf, 0x40,
    0x0, 0xf, 0xff, 0xf0, 0xf, 0x62, 0x20, 0xf,
    0x40, 0x0, 0xf, 0x40, 0x0, 0xf, 0x40, 0x0,

    /* U+0047 "G" */
    0x7f, 0xff, 0xe4, 0x9c, 0x11, 0xf5, 0x9c, 0x0,
    0x0, 0x9c, 0x0, 0x0, 0x9c, 0xd, 0xf5, 0x9c,
    0x1, 0xf6, 0x9c, 0x11, 0xf6, 0xa, 0xff, 0xf6,

    /* U+0048 "H" */
    0xf, 0x40, 0x6e, 0xf, 0x40, 0x6e, 0xf, 0x40,
    0x6e, 0xf, 0xff, 0xfe, 0xf, 0x62, 0x7e, 0xf,
    0x40, 0x6e, 0xf, 0x40, 0x6e, 0xf, 0x40, 0x6e,

    /* U+0049 "I" */
    0x1f, 0xff, 0xfe, 0x1, 0x3f, 0x30, 0x0, 0x3f,
    0x20, 0x0, 0x3f, 0x20, 0x0, 0x3f, 0x20, 0x0,
    0x3f, 0x20, 0x1, 0x4f, 0x31, 0xf, 0xff, 0xfe,

    /* U+004A "J" */
    0x0, 0x2f, 0x20, 0x2, 0xf2, 0x0, 0x2f, 0x20,
    0x2, 0xf2, 0x0, 0x2f, 0x23, 0x22, 0xf2, 0xe8,
    0x3f, 0x27, 0xff, 0xa1,

    /* U+004B "K" */
    0xf, 0x40, 0x7e, 0xf, 0x44, 0xdb, 0xf, 0x45,
    0xf0, 0xf, 0xff, 0x10, 0xf, 0x9f, 0x10, 0xf,
    0x57, 0xf0, 0xf, 0x44, 0xea, 0xf, 0x40, 0x7e,

    /* U+004C "L" */
    0xf, 0x40, 0x0, 0xf, 0x40, 0x0, 0xf, 0x40,
    0x0, 0xf, 0x40, 0x0, 0xf, 0x40, 0x0, 0xf,
    0x40, 0x0, 0xf, 0x51, 0x10, 0xf, 0xff, 0xfe,

    /* U+004D "M" */
    0x2f, 0xd6, 0xec, 0x2f, 0xf8, 0xfc, 0x2f, 0x9f,
    0x8c, 0x2f, 0x7b, 0x8c, 0x2f, 0x30, 0x8c, 0x2f,
    0x30, 0x8c, 0x2f, 0x30, 0x8c, 0x2f, 0x30, 0x8c,

    /* U+004E "N" */
    0xf, 0x40, 0x6e, 0xf, 0xd2, 0x6e, 0xf, 0xf3,
    0x6e, 0xf, 0x8f, 0x8e, 0xf, 0x8f, 0x8e, 0xf,
    0x6a, 0xfe, 0xf, 0x44, 0xee, 0xf, 0x40, 0x6e,

    /* U+004F "O" */
    0x7f, 0xff, 0xe4, 0x9c, 0x11, 0xf6, 0x9c, 0x0,
    0xf6, 0x9c, 0x0, 0xf6, 0x9c, 0x0, 0xf6, 0x9c,
    0x0, 0xf6, 0x9c, 0x11, 0xf6, 0xa, 0xff, 0x70,

    /* U+0050 "P" */
    0xf, 0xff, 0xf3, 0xf, 0x51, 0x7e, 0xf, 0x40,
    0x6e, 0xf, 0xff, 0xfe, 0xf, 0x62, 0x20, 0xf,
    0x40, 0x0, 0xf, 0x40, 0x0, 0xf, 0x40, 0x0,

    /* U+0051 "Q" */
    0x8f, 0xff, 0xf5, 0x9c, 0x11, 0xf6, 0x9c, 0x0,
    0xf6, 0x9c, 0x0, 0xf6, 0x9c, 0x0, 0xf6, 0x9c,
    0xb8, 0xf6, 0x9c, 0x2d, 0x91, 0x1b, 0xf9, 0xf6,

    /* U+0052 "R" */
    0xf, 0xff, 0xf3, 0xf, 0x51, 0x7e, 0xf, 0x40,
    0x6e, 0xf, 0xff, 0xfe, 0xf, 0x8e, 0x30, 0xf,
    0x45, 0xf0, 0xf, 0x44, 0xeb, 0xf, 0x40, 0x6e,

    /* U+0053 "S" */
    0x5e, 0xff, 0xb2, 0xab, 0x11, 0xf4, 0xab, 0x0,
    0x41, 0xc, 0xf7, 0x0, 0x0, 0x1f, 0xa2, 0x88,
    0x2, 0xf4, 0xab, 0x11, 0xf4, 0xc, 0xff, 0x60,

    /* U+0054 "T" */
    0xff, 0xff, 0xf1, 0x4f, 0x20, 0x3, 0xf2, 0x0,
    0x3f, 0x20, 0x3, 0xf2, 0x0, 0x3f, 0x20, 0x3,
    0xf2, 0x0, 0x3f, 0x20,

    /* U+0055 "U" */
    0x2f, 0x30, 0x8c, 0x2f, 0x30, 0x8c, 0x2f, 0x30,
    0x8c, 0x2f, 0x30, 0x8c, 0x2f, 0x30, 0x8c, 0x2f,
    0x30, 0x8c, 0x2f, 0x31, 0x9c, 0x1a, 0xff, 0xf6,

    /* U+0056 "V" */
    0xc9, 0x2, 0xf3, 0xc9, 0x2, 0xf3, 0xc9, 0x2,
    0xf3, 0xc9, 0x2, 0xf3, 0x7f, 0x8f, 0xb1, 0xd,
    0x8f, 0x40, 0x7, 0xeb, 0x20, 0x0, 0xf5, 0x0,

    /* U+0057 "W" */
    0xb9, 0x2, 0xf3, 0xb9, 0x2, 0xf3, 0xb9, 0x2,
    0xf3, 0xb9, 0x2, 0xf3, 0xb9, 0xf8, 0xf3, 0xbe,
    0xee, 0xf3, 0xbf, 0x8f, 0xf3, 0xb9, 0x2, 0xf3,

    /* U+0058 "X" */
    0x9b, 0x0, 0xf5, 0x7f, 0x9e, 0xd4, 0xb, 0x9e,
    0x60, 0x5, 0xeb, 0x30, 0xb, 0xae, 0x60, 0xb,
    0x9e, 0x60, 0x7c, 0x57, 0xd4, 0x9b, 0x0, 0xf5,

    /* U+0059 "Y" */
    0x9c, 0x0, 0xf5, 0x9c, 0x0, 0xf5, 0x4d, 0xae,
    0xb2, 0x8, 0xdd, 0x50, 0x0, 0xc8, 0x0, 0x0,
    0xc8, 0x0, 0x0, 0xc8, 0x0, 0x0, 0xc8, 0x0,

    /* U+005A "Z" */
    0xaf, 0xff, 0xf4, 0x1, 0x11, 0xf4, 0x0, 0xf,
    0x91, 0x0, 0xad, 0x40, 0x0, 0xd7, 0x0, 0xb,
    0x90, 0x0, 0x7e, 0x81, 0x10, 0xaf, 0xff, 0xf4,

    /* U+005B "[" */
    0x4f, 0xfe, 0x4f, 0x10, 0x4f, 0x0, 0x4f, 0x0,
    0x4f, 0x0, 0x4f, 0x0, 0x4f, 0x0, 0x4f, 0x10,
    0x4f, 0xfe,

    /* U+005C "\\" */
    0xf5, 0x0, 0xc, 0xd2, 0x0, 0x1f, 0x30, 0x0,
    0x3f, 0x20, 0x3, 0xf2, 0x0, 0x1a, 0xf0, 0x0,
    0x4f, 0x0, 0x2, 0xbb, 0x0, 0x6, 0xf0,

    /* U+005D "]" */
    0xbf, 0xf6, 0x1, 0xf6, 0x0, 0xf6, 0x0, 0xf6,
    0x0, 0xf6, 0x0, 0xf6, 0x0, 0xf6, 0x1, 0xf6,
    0xbf, 0xf6,

    /* U+005E "^" */
    0x5, 0xee, 0xb0, 0x4f, 0x21, 0xb9, 0x2, 0x0,
    0x11,

    /* U+005F "_" */
    0xdf, 0xff, 0xf0, 0x12, 0x22, 0x20,

    /* U+0060 "`" */
    0x79, 0x0, 0x9c, 0x0, 0xb, 0xa0, 0x8, 0xe8,
    0x0, 0x11,

    /* U+0061 "a" */
    0x8f, 0xff, 0xf5, 0x9, 0xc1, 0x1f, 0x50, 0x9c,
    0x0, 0xf5, 0x9, 0xc1, 0x1f, 0x60, 0xb, 0xff,
    0x8f, 0x30,

    /* U+0062 "b" */
    0x4f, 0x10, 0x0, 0x4f, 0x10, 0x0, 0x4f, 0x10,
    0x0, 0x4f, 0xff, 0xfa, 0x4f, 0x11, 0xba, 0x4f,
    0x10, 0xaa, 0x4f, 0x11, 0xba, 0x4f, 0xff, 0xc0,

    /* U+0063 "c" */
    0x8f, 0xff, 0xf5, 0x9c, 0x11, 0x10, 0x9c, 0x0,
    0x0, 0x9c, 0x11, 0xe5, 0x1b, 0xff, 0x80,

    /* U+0064 "d" */
    0x0, 0x0, 0xf4, 0x0, 0x0, 0xf4, 0x0, 0x0,
    0xf4, 0x9f, 0xff, 0xf4, 0xab, 0x11, 0xf4, 0xab,
    0x0, 0xf4, 0xab, 0x11, 0xf4, 0xb, 0xff, 0xf4,

    /* U+0065 "e" */
    0x9f, 0xff, 0xf5, 0x9b, 0x11, 0xf5, 0x9f, 0xff,
    0xf5, 0x9c, 0x33, 0x30, 0xb, 0xff, 0xf5,

    /* U+0066 "f" */
    0x0, 0x9f, 0xa0, 0x1f, 0x50, 0x1, 0xf4, 0xd,
    0xff, 0xfa, 0x1, 0xf5, 0x0, 0x1f, 0x40, 0x1,
    0xf4, 0x0, 0x1f, 0x40,

    /* U+0067 "g" */
    0x4d, 0xff, 0xf5, 0x9c, 0x11, 0xf5, 0x9b, 0x0,
    0xf5, 0xa, 0xff, 0xf5, 0x2, 0x22, 0xf5, 0x9f,
    0xff, 0x60,

    /* U+0068 "h" */
    0x5f, 0x0, 0x0, 0x5f, 0x0, 0x0, 0x5f, 0x0,
    0x0, 0x5f, 0xff, 0xe6, 0x5f, 0x11, 0xc9, 0x5f,
    0x0, 0xc9, 0x5f, 0x0, 0xc9, 0x5f, 0x0, 0xc9,

    /* U+0069 "i" */
    0x2c, 0x13, 0xf2, 0x0, 0x3, 0xf2, 0x3f, 0x23,
    0xf2, 0x3f, 0x23, 0xf2,

    /* U+006A "j" */
    0x0, 0x8c, 0x0, 0x6a, 0x0, 0x8c, 0x0, 0x8c,
    0x0, 0x8c, 0xa6, 0x8c, 0xd8, 0x9c, 0xf, 0xe0,

    /* U+006B "k" */
    0x2f, 0x20, 0x0, 0x2f, 0x20, 0x8b, 0x2f, 0x27,
    0xd1, 0x2f, 0xff, 0x0, 0x2f, 0x9f, 0x0, 0x2f,
    0x7e, 0xa0, 0x2f, 0x27, 0xd0, 0x2f, 0x20, 0x9c,

    /* U+006C "l" */
    0x4f, 0x10, 0x4f, 0x10, 0x4f, 0x10, 0x4f, 0x10,
    0x4f, 0x10, 0x4f, 0x10, 0x4f, 0x20, 0x4f, 0xf8,

    /* U+006D "m" */
    0x4f, 0xfd, 0xe7, 0x4f, 0x9d, 0xba, 0x4f, 0x8d,
    0xaa, 0x4f, 0x8d, 0xaa, 0x4f, 0x8d, 0xaa,

    /* U+006E "n" */
    0x4f, 0xff, 0xb1, 0x4f, 0x14, 0xf1, 0x4f, 0x4,
    0xf1, 0x4f, 0x4, 0xf1, 0x4f, 0x4, 0xf1,

    /* U+006F "o" */
    0x8f, 0xff, 0xf5, 0x9c, 0x11, 0xf6, 0x9c, 0x0,
    0xf6, 0x9c, 0x11, 0xf6, 0xa, 0xff, 0x70,

    /* U+0070 "p" */
    0x4f, 0xff, 0xe5, 0x4f, 0x11, 0xba, 0x4f, 0x0,
    0xba, 0x4f, 0xff, 0xb0, 0x4f, 0x22, 0x10, 0x4f,
    0x0, 0x0,

    /* U+0071 "q" */
    0x4d, 0xff, 0xf6, 0x9c, 0x11, 0xf6, 0x9c, 0x0,
    0xf6, 0xa, 0xff, 0xf6, 0x1, 0x22, 0xf6, 0x0,
    0x0, 0xf6,

    /* U+0072 "r" */
    0x4f, 0xdf, 0xc0, 0x6f, 0x10, 0x6, 0xf0, 0x0,
    0x6f, 0x0, 0x6, 0xf0, 0x0,

    /* U+0073 "s" */
    0x3d, 0xff, 0xfa, 0x4f, 0x11, 0x10, 0x6, 0xff,
    0xe8, 0x1, 0x33, 0xba, 0x4f, 0xff, 0xc0,

    /* U+0074 "t" */
    0x0, 0xe6, 0x0, 0xe, 0x60, 0x0, 0xe6, 0xb,
    0xff, 0xf5, 0x1, 0xe7, 0x0, 0xe, 0x60, 0x0,
    0xe7, 0x0, 0xe, 0xf5,

    /* U+0075 "u" */
    0x4f, 0x9, 0xb0, 0x4f, 0x9, 0xb0, 0x4f, 0x9,
    0xb0, 0x4f, 0x1a, 0xc0, 0x3c, 0xff, 0xea,

    /* U+0076 "v" */
    0x7e, 0x0, 0xd8, 0x7e, 0x0, 0xd8, 0x3c, 0xcc,
    0xc4, 0x6, 0xee, 0x70, 0x0, 0xab, 0x0,

    /* U+0077 "w" */
    0x7e, 0x0, 0xd8, 0x7e, 0x0, 0xd8, 0x7e, 0x99,
    0xd8, 0x7e, 0xbb, 0xd8, 0x4d, 0xee, 0xd5,

    /* U+0078 "x" */
    0x5f, 0x0, 0xc9, 0x4e, 0xd9, 0xe7, 0x7, 0xff,
    0xb0, 0x4d, 0x22, 0xb7, 0x5f, 0x0, 0xc9,

    /* U+0079 "y" */
    0x9c, 0x0, 0xf5, 0x9c, 0x0, 0xf5, 0x4d, 0xae,
    0xb2, 0x9, 0xfe, 0x50, 0xb, 0xa1, 0x0, 0x9c,
    0x0, 0x0,

    /* U+007A "z" */
    0x8f, 0xff, 0xf6, 0x1, 0x1d, 0xe5, 0x9, 0xf9,
    0x0, 0x6c, 0x32, 0x10, 0x8f, 0xff, 0xf6,

    /* U+007B "{" */
    0x2, 0xc9, 0xa, 0xb0, 0xa, 0xb0, 0xa, 0xb0,
    0x8f, 0xa0, 0x1b, 0xb0, 0xa, 0xb0, 0xa, 0xb0,
    0x0, 0xc9,

    /* U+007C "|" */
    0xc9, 0xc9, 0xc9, 0xc9, 0xc9, 0xc9, 0xc9, 0xc9,
    0xc9,

    /* U+007D "}" */
    0x6f, 0x20, 0x8, 0xd0, 0x7, 0xd0, 0x7, 0xd0,
    0x7, 0xfb, 0x7, 0xd1, 0x7, 0xd0, 0x8, 0xd0,
    0x6f, 0x0,

    /* U+007E "~" */
    0x0, 0x7f, 0xb0, 0x0, 0x4, 0xf0, 0x4f, 0xe1,
    0xbf, 0x80, 0x3f, 0xf0, 0x4f, 0x10, 0x1, 0xdf,
    0xf5, 0x0, 0x2, 0x0, 0x0, 0x12, 0x20, 0x0,

    /* U+4E0A "上" */
    0x0, 0x4, 0xf0, 0x0, 0x0, 0x0, 0x4, 0xf0,
    0x0, 0x0, 0x0, 0x4, 0xf0, 0x0, 0x0, 0x0,
    0x4, 0xff, 0xff, 0x80, 0x0, 0x4, 0xf4, 0x44,
    0x20, 0x0, 0x4, 0xf0, 0x0, 0x0, 0x0, 0x4,
    0xf0, 0x0, 0x0, 0x0, 0x4, 0xf0, 0x0, 0x0,
    0x44, 0x47, 0xf4, 0x44, 0x42, 0xef, 0xff, 0xff,
    0xff, 0xfa,

    /* U+4E0E "与" */
    0x0, 0x9a, 0x0, 0x0, 0x0, 0x0, 0x9f, 0xff,
    0xff, 0xf5, 0x0, 0xbb, 0x33, 0x33, 0x31, 0x5,
    0xf4, 0x0, 0x0, 0x0, 0x7, 0xef, 0xff, 0xff,
    0xf5, 0x0, 0x24, 0x44, 0x44, 0xf5, 0x34, 0x44,
    0x44, 0x20, 0xe5, 0xff, 0xff, 0xff, 0xb2, 0xf5,
    0x0, 0x0, 0x0, 0xa, 0xd1, 0x0, 0x0, 0x0,
    0x1f, 0x10,

    /* U+4E2A "个" */
    0x0, 0x0, 0xb, 0xf1, 0x0, 0x0, 0x0, 0x3,
    0xcc, 0xcf, 0x60, 0x0, 0x3, 0xce, 0x94, 0x27,
    0xee, 0x31, 0x1f, 0xc3, 0x6, 0xb0, 0x28, 0xf5,
    0x4, 0x20, 0x8, 0xe0, 0x1, 0x41, 0x0, 0x0,
    0x8, 0xe0, 0x0, 0x0, 0x0, 0x0, 0x8, 0xe0,
    0x0, 0x0, 0x0, 0x0, 0x8, 0xe0, 0x0, 0x0,
    0x0, 0x0, 0x8, 0xe0, 0x0, 0x0, 0x0, 0x0,
    0x8, 0xe0, 0x0, 0x0, 0x0, 0x0, 0x0, 0x0,
    0x0, 0x0,

    /* U+4E2D "中" */
    0x0, 0x0, 0x5e, 0x0, 0x0, 0xcd, 0xdd, 0xef,
    0xdd, 0xdc, 0x87, 0x66, 0x9e, 0x66, 0x9e, 0xe5,
    0x0, 0x5e, 0x0, 0x4e, 0xe5, 0x0, 0x5e, 0x0,
    0x4e, 0xef, 0xee, 0xff, 0xe6, 0xfe, 0x45, 0x55,
    0x8e, 0x52, 0x54, 0x0, 0x0, 0x5e, 0x0, 0x0,
    0x0, 0x0, 0x5e, 0x0, 0x0, 0x0, 0x0, 0x5e,
    0x0, 0x0,

    /* U+4E3B "主" */
    0x0, 0x0, 0xbf, 0x0, 0x0, 0x4, 0xff, 0xff,
    0xff, 0xff, 0x60, 0x14, 0x44, 0x44, 0x44, 0x41,
    0x0, 0x0, 0x4, 0x50, 0x0, 0x0, 0x3, 0x44,
    0xce, 0x44, 0x40, 0x0, 0xdf, 0xff, 0xff, 0xff,
    0x0, 0x0, 0x0, 0xbe, 0x0, 0x0, 0x0, 0x0,
    0xb, 0xe0, 0x0, 0x0, 0x33, 0x33, 0xce, 0x33,
    0x33, 0xd, 0xff, 0xff, 0xff, 0xff, 0xf0,

    /* U+4E49 "义" */
    0x0, 0x0, 0xfc, 0x0, 0x0, 0x1, 0x95, 0xb,
    0x80, 0x1f, 0xa0, 0x2f, 0xb3, 0x0, 0x3b, 0xd7,
    0x0, 0x3f, 0xc0, 0x28, 0xf9, 0x0, 0x0, 0x7f,
    0xc8, 0xf7, 0x0, 0x0, 0x0, 0xae, 0xf6, 0x20,
    0x0, 0x0, 0xc, 0xdb, 0xc6, 0x0, 0x0, 0x4f,
    0xea, 0x5e, 0xeb, 0x0, 0x9e, 0xb5, 0x0, 0xe,
    0xfb, 0x29, 0xd0, 0x0, 0x0, 0x8, 0xf3,

    /* U+4E50 "乐" */
    0x14, 0x45, 0x7a, 0xff, 0xb0, 0x4f, 0xff, 0xfd,
    0x86, 0x40, 0x4f, 0x32, 0x25, 0x0, 0x0, 0x4f,
    0x0, 0x5f, 0x0, 0x0, 0x4f, 0x44, 0x7f, 0x44,
    0x40, 0x3f, 0xff, 0xff, 0xff, 0xf1, 0x0, 0x44,
    0x5f, 0x35, 0x0, 0x6, 0xdc, 0x5f, 0x7f, 0x90,
    0x4d, 0xc3, 0x5f, 0x29, 0xf8, 0x9e, 0x0, 0x5f,
    0x0, 0x8f,

    /* U+4E8E "于" */
    0x0, 0x0, 0x0, 0x0, 0x0, 0xf, 0xff, 0xff,
    0xff, 0xf4, 0x4, 0x44, 0x7f, 0x44, 0x41, 0x0,
    0x0, 0x4f, 0x0, 0x0, 0x12, 0x22, 0x5f, 0x22,
    0x22, 0xcf, 0xff, 0xff, 0xff, 0xfe, 0x22, 0x22,
    0x6f, 0x22, 0x22, 0x0, 0x0, 0x4f, 0x0, 0x0,
    0x0, 0x0, 0x6f, 0x0, 0x0, 0x0, 0x4, 0xe9,
    0x0, 0x0, 0x0, 0xc, 0x91, 0x0, 0x0, 0x0,
    0x0, 0x0, 0x0, 0x0,

    /* U+4EAE "亮" */
    0xbf, 0xff, 0xff, 0xff, 0xfc, 0x2, 0x5a, 0xaa,
    0x99, 0x97, 0x20, 0x4, 0xa9, 0x99, 0x9b, 0x90,
    0x0, 0x6f, 0xff, 0xcc, 0xf9, 0x0, 0x9a, 0xaa,
    0xaa, 0xaa, 0x99, 0xe, 0xa8, 0x88, 0x88, 0x89,
    0xf0, 0xb2, 0xdf, 0xff, 0xfd, 0x1c, 0x0, 0xe,
    0x63, 0x36, 0xe0, 0x0, 0x3, 0xc2, 0x0, 0x3e,
    0x22, 0x0, 0xc6, 0x0, 0x3, 0xff, 0xd0, 0x0,
    0x0, 0x0, 0x0, 0x0, 0x0,

    /* U+4EF6 "件" */
    0x0, 0x2f, 0x86, 0xb0, 0xf4, 0x0, 0x7, 0xf9,
    0x8e, 0xf5, 0xf7, 0x51, 0x8f, 0x60, 0xaf, 0xff,
    0xff, 0xf4, 0x6a, 0x84, 0xf9, 0x0, 0xf4, 0x0,
    0x0, 0xd7, 0x0, 0x0, 0xf4, 0x0, 0x0, 0xd7,
    0x25, 0x55, 0xf7, 0x54, 0x0, 0xd7, 0x7f, 0xff,
    0xff, 0xfc, 0x0, 0xd7, 0x0, 0x0, 0xf4, 0x0,
    0x0, 0xd7, 0x0, 0x0, 0xf4, 0x0, 0x0, 0xd7,
    0x0, 0x0, 0xf4, 0x0, 0x0, 0x0, 0x0, 0x0,
    0xa2, 0x0,

    /* U+4EFD "份" */
    0x0, 0x4f, 0x30, 0x3f, 0xfd, 0x0, 0x7, 0xf7,
    0x2d, 0xd2, 0x7f, 0x70, 0x8f, 0x60, 0x8f, 0x60,
    0xa, 0xd2, 0x7e, 0x72, 0xfc, 0x10, 0x0, 0xf8,
    0x0, 0xf3, 0x4d, 0xdd, 0xdd, 0x80, 0x0, 0xf3,
    0x15, 0xbd, 0x5c, 0x90, 0x0, 0xf3, 0x0, 0x8b,
    0xa, 0x90, 0x0, 0xf3, 0x9, 0xf0, 0xa, 0x90,
    0x0, 0xf3, 0x1b, 0x70, 0xa, 0x90, 0x0, 0xf3,
    0x6f, 0x20, 0xa, 0x90, 0x0, 0x0, 0x0, 0x0,
    0x0, 0x0,

    /* U+4F20 "传" */
    0x0, 0xf, 0x60, 0xf, 0x50, 0x0, 0x16, 0xf9,
    0x5e, 0xef, 0xfe, 0xa0, 0x8f, 0x40, 0x0, 0xf,
    0x50, 0x0, 0x13, 0x85, 0x8b, 0xbf, 0xcb, 0xb3,
    0x0, 0xc7, 0x4, 0xf9, 0x44, 0x10, 0x0, 0xc7,
    0xf, 0xff, 0xff, 0xb0, 0x0, 0xc7, 0x3, 0x30,
    0x8e, 0x60, 0x0, 0xc7, 0xb, 0xfc, 0xf6, 0x0,
    0x0, 0xc7, 0x3, 0x5c, 0xc3, 0x0, 0x0, 0xc7,
    0x0, 0x0, 0xab, 0x0, 0x0, 0x0, 0x0, 0x0,
    0x0, 0x0,

    /* U+4F4E "低" */
    0x0, 0x6f, 0x5f, 0xff, 0xff, 0xf2, 0x7, 0xf8,
    0x4f, 0x65, 0xcf, 0x50, 0x8f, 0x40, 0x4f, 0x10,
    0xae, 0x0, 0x6b, 0x72, 0x4f, 0xff, 0xff, 0xf7,
    0x0, 0xd4, 0x4f, 0x76, 0xcf, 0x63, 0x0, 0xd4,
    0x4f, 0x10, 0x4f, 0x50, 0x0, 0xd4, 0x8f, 0x77,
    0x1e, 0x70, 0x0, 0xd4, 0xde, 0xee, 0x18, 0xd0,
    0x0, 0xd4, 0x14, 0x44, 0x35, 0xf3, 0x0, 0xd4,
    0x5f, 0xff, 0xc0, 0xf7, 0x0, 0x0, 0x1, 0x11,
    0x10, 0x0,

    /* U+4F5C "作" */
    0x0, 0x1, 0x10, 0x0, 0x0, 0x0, 0x1, 0x4f,
    0x91, 0xf9, 0x22, 0x21, 0x5, 0xf9, 0x3c, 0xff,
    0xff, 0xf6, 0x7f, 0x63, 0x5e, 0x8b, 0xc3, 0x31,
    0x25, 0xb9, 0xaf, 0xa, 0xd6, 0x60, 0x0, 0xa9,
    0x0, 0xa, 0xff, 0xf0, 0x0, 0xa9, 0x0, 0xa,
    0xb0, 0x0, 0x0, 0xa9, 0x0, 0xa, 0xff, 0xf0,
    0x0, 0xa9, 0x0, 0xa, 0xd6, 0x60, 0x0, 0xa9,
    0x0, 0xa, 0xb0, 0x0, 0x0, 0x87, 0x0, 0xa,
    0xb0, 0x0,

    /* U+4F7F "使" */
    0x0, 0x4f, 0x52, 0x2c, 0x93, 0x30, 0x5, 0xe9,
    0xaf, 0xff, 0xff, 0xf1, 0x5d, 0xb1, 0x26, 0x6d,
    0xb6, 0x60, 0x4b, 0x83, 0x5e, 0xef, 0xfe, 0xf0,
    0x0, 0xd5, 0x6d, 0x4c, 0xa6, 0xf0, 0x0, 0xd5,
    0x6f, 0xff, 0xff, 0xe0, 0x0, 0xd5, 0xb, 0x3b,
    0x70, 0x0, 0x0, 0xd5, 0xa, 0xff, 0x70, 0x0,
    0x0, 0xd5, 0x8, 0xf9, 0xfd, 0x30, 0x0, 0xc5,
    0xf, 0x70, 0x2b, 0xf1, 0x0, 0x0, 0x0, 0x0,
    0x0, 0x10,

    /* U+4FDD "保" */
    0x0, 0x2, 0x0, 0x0, 0x0, 0x0, 0x1, 0x4f,
    0x8f, 0xff, 0xff, 0x90, 0x18, 0xf4, 0x5d, 0x22,
    0x2a, 0xa0, 0x9e, 0x30, 0x4f, 0x44, 0x2b, 0xa0,
    0x35, 0xc5, 0x3c, 0xcf, 0x9c, 0x70, 0x0, 0xd5,
    0x55, 0x5f, 0x85, 0x51, 0x0, 0xd5, 0xbe, 0xff,
    0xff, 0xd2, 0x0, 0xd5, 0x1a, 0xee, 0xcf, 0x20,
    0x0, 0xd6, 0x9f, 0x2e, 0x5b, 0xd2, 0x0, 0xd6,
    0xf5, 0xe, 0x40, 0xe8, 0x0, 0xa4, 0x0, 0xd,
    0x40, 0x10, 0x0, 0x0, 0x0, 0x0, 0x0, 0x0,

    /* U+4FE1 "信" */
    0x0, 0x3e, 0x20, 0xf, 0xa0, 0x0, 0x4, 0xcb,
    0x9b, 0xbf, 0xeb, 0xb1, 0x4c, 0xa0, 0x49, 0x99,
    0x99, 0x80, 0x6d, 0x85, 0x4e, 0xee, 0xee, 0xa0,
    0x0, 0xa7, 0x29, 0x99, 0x99, 0x50, 0x0, 0xa7,
    0x2b, 0xbb, 0xbb, 0x60, 0x0, 0xa7, 0x4f, 0xff,
    0xff, 0xb0, 0x0, 0xa7, 0x2b, 0x0, 0x7, 0xb0,
    0x0, 0xa7, 0x4f, 0x44, 0x29, 0xb0, 0x0, 0xa7,
    0x3f, 0xff, 0xaf, 0xb0,

    /* U+5019 "候" */
    0x0, 0x0, 0x0, 0x0, 0x0, 0x0, 0x0, 0x5f,
    0x24, 0xff, 0xff, 0x30, 0x5, 0xf4, 0x31, 0x33,
    0x3f, 0x20, 0x6d, 0x43, 0xfa, 0xff, 0xff, 0xf2,
    0x48, 0xf6, 0xf2, 0xc6, 0x44, 0x30, 0x0, 0xf6,
    0xf7, 0xff, 0xff, 0x90, 0x0, 0xf6, 0xf6, 0x86,
    0xf4, 0x30, 0x0, 0xf6, 0xfa, 0xff, 0xff, 0xf3,
    0x0, 0xf4, 0x50, 0x5c, 0xaa, 0x20, 0x0, 0xf3,
    0x2, 0x9e, 0x1f, 0x70, 0x0, 0x81, 0x7, 0xe0,
    0x3, 0xf2,

    /* U+503C "值" */
    0x2, 0x7e, 0x88, 0x8f, 0x98, 0x60, 0x7, 0xf9,
    0x8d, 0xdf, 0xdd, 0x90, 0x8f, 0x10, 0x1c, 0xcf,
    0xdc, 0x40, 0x48, 0x92, 0x2f, 0xcb, 0xbf, 0x60,
    0x0, 0xf4, 0x2f, 0xff, 0xff, 0x60, 0x0, 0xf4,
    0x2f, 0xa9, 0x9e, 0x60, 0x0, 0xf4, 0x2f, 0x77,
    0x7e, 0x60, 0x0, 0xf4, 0x2f, 0xff, 0xff, 0x60,
    0x0, 0xf5, 0x4f, 0x43, 0x3e, 0x81, 0x0, 0xf6,
    0xff, 0xff, 0xff, 0xf6,

    /* U+5065 "健" */
    0x1, 0xf8, 0xa9, 0x49, 0xe7, 0x30, 0x2e, 0xb4,
    0xae, 0x6b, 0xfc, 0x90, 0xea, 0x20, 0xc9, 0xdf,
    0xff, 0xf1, 0x46, 0x62, 0xfb, 0x9e, 0xff, 0xa0,
    0x7, 0xb1, 0xae, 0x49, 0xe7, 0x30, 0x6, 0xb0,
    0x3e, 0x8f, 0xfe, 0x60, 0x6, 0xbc, 0xcc, 0x6b,
    0xf9, 0x60, 0x6, 0xb0, 0xde, 0x45, 0xe1, 0x10,
    0x6, 0xb3, 0x4b, 0x65, 0xa3, 0x30, 0x6, 0xba,
    0x8a, 0xff, 0xff, 0xf0,

    /* U+5165 "入" */
    0x0, 0x22, 0x22, 0x10, 0x0, 0x0, 0x6f, 0xff,
    0xf6, 0x0, 0x0, 0x1, 0x3f, 0x7f, 0x60, 0x0,
    0x0, 0x0, 0xf5, 0xdb, 0x0, 0x0, 0x0, 0x5f,
    0x59, 0xf2, 0x0, 0x0, 0xb, 0xf0, 0xf, 0x90,
    0x0, 0x3, 0xf7, 0x0, 0x5f, 0x60, 0x0, 0xfb,
    0x10, 0x0, 0x9f, 0x40, 0x8e, 0x50, 0x0, 0x2,
    0xda, 0xe, 0xb0, 0x0, 0x0, 0x8, 0xf1,

    /* U+5173 "关" */
    0x0, 0x0, 0x0, 0x0, 0x0, 0x0, 0xbe, 0x0,
    0xeb, 0x0, 0x7e, 0xff, 0xee, 0xff, 0xe4, 0x35,
    0x66, 0xdc, 0x66, 0x62, 0x0, 0x0, 0xb9, 0x0,
    0x0, 0xff, 0xff, 0xff, 0xee, 0xeb, 0x45, 0x59,
    0xdc, 0x95, 0x54, 0x0, 0x1f, 0x79, 0xe5, 0x0,
    0x6, 0xe7, 0x33, 0xce, 0x50, 0x5b, 0xd1, 0x0,
    0x5d, 0xe4, 0xbd, 0x0, 0x0, 0x1, 0xbc, 0x0,
    0x0, 0x0, 0x0, 0x1,

    /* U+5199 "写" */
    0xe9, 0xff, 0xff, 0xff, 0xfe, 0xe6, 0x76, 0x44,
    0x44, 0x8e, 0x62, 0xca, 0x44, 0x44, 0x56, 0x0,
    0xcf, 0xee, 0xee, 0x90, 0x9, 0xf5, 0x22, 0x22,
    0x20, 0x3, 0xef, 0xff, 0xff, 0xf5, 0x1, 0x22,
    0x22, 0x21, 0xf5, 0xbf, 0xff, 0xff, 0xa0, 0xf5,
    0x23, 0x33, 0x33, 0x3a, 0xf1, 0x0, 0x0, 0x0,
    0x6f, 0x20,

    /* U+51C6 "准" */
    0x1f, 0x70, 0x1c, 0x70, 0xe7, 0x0, 0xa, 0xa1,
    0x9c, 0x79, 0xdb, 0x90, 0x3, 0xf8, 0xfb, 0x6b,
    0xfd, 0xb0, 0x0, 0x3c, 0xce, 0x26, 0xe9, 0x50,
    0x0, 0x85, 0x3e, 0x5d, 0xfe, 0xb0, 0x0, 0xf9,
    0x3e, 0x0, 0xd6, 0x0, 0x8, 0xf1, 0x3e, 0x5e,
    0xff, 0xc0, 0x1d, 0xc0, 0x3e, 0x26, 0xe9, 0x50,
    0x1f, 0x60, 0x3e, 0x23, 0xe8, 0x30, 0x0, 0x0,
    0x3e, 0xcf, 0xff, 0xf3,

    /* U+51FA "出" */
    0x0, 0x0, 0xe6, 0x0, 0x0, 0x5f, 0x10, 0xe6,
    0x4, 0xf1, 0x6f, 0x10, 0xe6, 0x4, 0xf1, 0x6f,
    0x47, 0xfb, 0x7a, 0xf1, 0x5e, 0x6d, 0xfe, 0xdd,
    0xd1, 0x0, 0x0, 0xe6, 0x0, 0x0, 0xe6, 0x0,
    0xe6, 0x0, 0xd7, 0xe6, 0x0, 0xe6, 0x0, 0xd7,
    0xe6, 0x35, 0xf9, 0x55, 0xe7, 0xe6, 0xbf, 0xff,
    0xff, 0xf7,

    /* U+51FB "击" */
    0x0, 0x0, 0x7c, 0x0, 0x0, 0x2, 0xff, 0xff,
    0xff, 0xff, 0x40, 0x4, 0x44, 0x9d, 0x44, 0x41,
    0x1, 0x22, 0x28, 0xd2, 0x22, 0x20, 0xef, 0xff,
    0xff, 0xff, 0xff, 0x11, 0x11, 0x18, 0xd1, 0x11,
    0x10, 0x1c, 0x10, 0x7d, 0x0, 0xa5, 0x2, 0xf2,
    0x7, 0xd0, 0xe, 0x60, 0x2f, 0x34, 0xae, 0x55,
    0xe6, 0x2, 0xf7, 0xff, 0xff, 0xfe, 0x60,

    /* U+5206 "分" */
    0x0, 0x0, 0xd, 0xff, 0xc6, 0x0, 0x0, 0x7f,
    0x35, 0x66, 0xfc, 0x20, 0x5, 0xfa, 0x10, 0x0,
    0x5f, 0x60, 0xc, 0xe4, 0x0, 0x0, 0x7, 0xf5,
    0x1f, 0x93, 0x44, 0x44, 0x47, 0xb4, 0x0, 0xd,
    0xff, 0xff, 0xfc, 0x0, 0x0, 0x0, 0x4f, 0x10,
    0x9c, 0x0, 0x0, 0x1, 0xfa, 0x0, 0x9c, 0x0,
    0x0, 0x7, 0xb3, 0x0, 0x9c, 0x0, 0x0, 0xf,
    0x80, 0x0, 0x9c, 0x0, 0x0, 0x0, 0x0, 0x0,
    0x0, 0x0,

    /* U+521D "初" */
    0x0, 0x7e, 0x3, 0x99, 0x99, 0x91, 0xd, 0xff,
    0xd2, 0x8f, 0x77, 0xf3, 0x8, 0x9b, 0xe0, 0x2f,
    0x10, 0xf3, 0x0, 0x3c, 0x95, 0x2f, 0x10, 0xf3,
    0x4, 0xdf, 0xe9, 0x1f, 0x10, 0xf3, 0x3a, 0xdf,
    0xd4, 0x1f, 0x10, 0xf3, 0x5c, 0x5f, 0x88, 0x5f,
    0x10, 0xf3, 0x0, 0x5f, 0x0, 0xba, 0x0, 0xf3,
    0x0, 0x5f, 0x3, 0xf6, 0x0, 0xf3, 0x0, 0x5f,
    0x8, 0xc0, 0x0, 0xf3,

    /* U+5220 "删" */
    0x0, 0x0, 0x1, 0x10, 0x0, 0x0, 0xef, 0xf6,
    0xff, 0x70, 0x3e, 0xe, 0x4f, 0x6e, 0x87, 0xe6,
    0xe0, 0xe3, 0xf6, 0xe8, 0x7e, 0x6e, 0xd, 0x3f,
    0x6e, 0x87, 0xe6, 0xe4, 0xff, 0xff, 0xff, 0xde,
    0x6e, 0xe, 0x5f, 0x8e, 0x97, 0xe6, 0xe0, 0xd3,
    0xf6, 0xe8, 0x7e, 0x6e, 0xd, 0x3f, 0x6e, 0x87,
    0xb6, 0xe0, 0xd3, 0xf6, 0xe8, 0x70, 0x3e, 0xc,
    0x2d, 0x5c, 0x76, 0x3, 0xe0, 0x0, 0x0, 0x0,
    0x0, 0x0,

    /* U+5230 "到" */
    0xaf, 0xff, 0xff, 0x0, 0x3f, 0x2, 0x5f, 0x63,
    0x31, 0x23, 0xf0, 0xc, 0xb2, 0xd6, 0x6d, 0x3f,
    0x7, 0xff, 0xff, 0xc7, 0xd3, 0xf0, 0x36, 0x7e,
    0x5b, 0x7d, 0x3f, 0x0, 0x37, 0xe3, 0x16, 0xd3,
    0xf0, 0x2f, 0xff, 0xf7, 0x6d, 0x3f, 0x0, 0x5,
    0xe0, 0x5, 0xc3, 0xf0, 0x23, 0x7e, 0x33, 0x0,
    0x3f, 0x8, 0xff, 0xff, 0xe0, 0x3, 0xf0,

    /* U+5236 "制" */
    0x5, 0xf5, 0xf2, 0x0, 0x0, 0xb3, 0xc, 0xfd,
    0xfc, 0xa0, 0xe2, 0xe4, 0x6f, 0x9b, 0xfc, 0xa1,
    0xf2, 0xe4, 0x18, 0x78, 0xf8, 0x73, 0xf2, 0xe4,
    0x5, 0xbb, 0xfb, 0xb4, 0xf2, 0xe4, 0x2, 0x77,
    0xf8, 0x72, 0xf2, 0xe4, 0x6, 0xfc, 0xfc, 0xf4,
    0xf2, 0xe4, 0x6, 0xd1, 0xf2, 0xf4, 0xf2, 0xe4,
    0x6, 0xc1, 0xf2, 0xf3, 0x0, 0xe4, 0x0, 0x1,
    0xf2, 0x0, 0x0, 0xe4,

    /* U+5237 "刷" */
    0x9, 0xff, 0xff, 0xf7, 0x1, 0xf0, 0x9, 0xb2,
    0x22, 0xb7, 0xa2, 0xf1, 0x9, 0xad, 0xff, 0xf7,
    0xf3, 0xf1, 0x9, 0xa3, 0x45, 0x31, 0xf3, 0xf1,
    0x9, 0xa3, 0x6f, 0x31, 0xf3, 0xf1, 0x9, 0xaf,
    0xff, 0xf7, 0xf3, 0xf1, 0x9, 0xaf, 0x6e, 0x97,
    0xf3, 0xf1, 0xa, 0x9f, 0x6e, 0x97, 0xb2, 0xf1,
    0x3f, 0x6c, 0x5e, 0x75, 0x1, 0xf1, 0x15, 0x0,
    0x3e, 0x0, 0x1, 0xf1,

    /* U+524D "前" */
    0x0, 0x0, 0x0, 0x0, 0x0, 0x0, 0xa, 0xf0,
    0xe, 0xb0, 0x0, 0xab, 0xef, 0xbb, 0xfe, 0xbb,
    0x18, 0xaa, 0xaa, 0x88, 0x88, 0x80, 0x3f, 0xff,
    0xf6, 0x32, 0x87, 0x3, 0xf1, 0x1d, 0x6b, 0x7a,
    0x90, 0x3f, 0xff, 0xf6, 0xb7, 0xa9, 0x3, 0xf3,
    0x3d, 0x6b, 0x7a, 0x90, 0x3f, 0xff, 0xf6, 0xb7,
    0xa9, 0x3, 0xf0, 0xd, 0x60, 0xa, 0x90, 0x3f,
    0x0, 0xd6, 0x0, 0xa9, 0x0, 0x0, 0x0, 0x0,
    0x0, 0x0,

    /* U+529F "功" */
    0x0, 0x0, 0x0, 0x4e, 0x0, 0x0, 0xc, 0xcc,
    0xc3, 0x7f, 0x44, 0x40, 0x5, 0xbb, 0x5a, 0xff,
    0xff, 0xf3, 0x0, 0xa9, 0x0, 0x4e, 0x0, 0xf3,
    0x0, 0xa9, 0x0, 0x4e, 0x0, 0xf3, 0x0, 0xa9,
    0x0, 0x4e, 0x0, 0xf3, 0x0, 0xad, 0xa0, 0x7e,
    0x0, 0xf3, 0x9, 0xfc, 0x73, 0xea, 0x0, 0xf3,
    0x1f, 0x81, 0x9, 0xf2, 0x0, 0xf3, 0x0, 0x0,
    0xf, 0x70, 0x0, 0xf3, 0x0, 0x0, 0x0, 0x0,
    0x0, 0x10,

    /* U+52A8 "动" */
    0x2, 0x33, 0x32, 0xf, 0x30, 0x0, 0xaf, 0xff,
    0x81, 0xf4, 0x11, 0x0, 0x0, 0x1, 0xdf, 0xdd,
    0xf0, 0xdd, 0xdd, 0x90, 0xf3, 0x3f, 0x5, 0xfb,
    0x54, 0xf, 0x33, 0xf0, 0x4f, 0x8d, 0x50, 0xf3,
    0x3f, 0x8, 0xf3, 0xfc, 0x4f, 0x33, 0xf0, 0xdf,
    0xbe, 0xeb, 0xf1, 0x3f, 0xf, 0xdb, 0xb6, 0xf9,
    0x3, 0xf0, 0x0, 0x0, 0x7f, 0x0, 0x3f, 0x0,
    0x0, 0x0, 0x0, 0x0, 0x0,

    /* U+5316 "化" */
    0x0, 0x0, 0x0, 0x0, 0x0, 0x0, 0x0, 0xf,
    0x80, 0x9b, 0x0, 0x0, 0x3, 0xcb, 0x40, 0x9b,
    0x4, 0x30, 0x4a, 0xa3, 0x0, 0x9b, 0x3e, 0xb0,
    0x7f, 0xa9, 0x0, 0x9d, 0xfb, 0x20, 0x0, 0xab,
    0x2, 0xef, 0x92, 0x0, 0x0, 0xab, 0x8f, 0xec,
    0x0, 0x0, 0x0, 0xab, 0x37, 0x9b, 0x0, 0x0,
    0x0, 0xab, 0x0, 0x9b, 0x0, 0x0, 0x0, 0xab,
    0x0, 0x9d, 0x66, 0x61, 0x0, 0xab, 0x0, 0x9f,
    0xff, 0xf2,

    /* U+5347 "升" */
    0x3, 0x6a, 0xff, 0x43, 0xf1, 0x0, 0x9, 0xef,
    0xf6, 0x13, 0xf1, 0x0, 0x0, 0xb, 0x90, 0x3,
    0xf1, 0x0, 0x3, 0x3c, 0xa3, 0x35, 0xf4, 0x30,
    0x1f, 0xff, 0xff, 0xff, 0xff, 0xf2, 0x1, 0x1c,
    0x91, 0x15, 0xf2, 0x10, 0x0, 0xc, 0x70, 0x3,
    0xf1, 0x0, 0x0, 0x7f, 0x0, 0x3, 0xf1, 0x0,
    0x0, 0xc9, 0x0, 0x3, 0xf1, 0x0, 0x0, 0xf8,
    0x0, 0x3, 0xf1, 0x0,

    /* U+5355 "单" */
    0x0, 0x0, 0x0, 0x0, 0x0, 0x0, 0x0, 0xa,
    0xe0, 0xf, 0x70, 0x0, 0x3, 0xce, 0xfc, 0xcf,
    0xec, 0x30, 0x2, 0x84, 0x4b, 0xa3, 0x3e, 0x50,
    0x4, 0xfe, 0xef, 0xfe, 0xef, 0x50, 0x4, 0xe0,
    0xa, 0x80, 0xd, 0x50, 0x3, 0xfe, 0xef, 0xfe,
    0xef, 0x50, 0x1, 0x55, 0x5b, 0xb4, 0x44, 0x10,
    0xf, 0xff, 0xff, 0xff, 0xff, 0xf0, 0x3, 0x22,
    0x2a, 0xa2, 0x22, 0x20, 0x0, 0x0, 0x8, 0x90,
    0x0, 0x0,

    /* U+5357 "南" */
    0x11, 0x11, 0x9b, 0x11, 0x11, 0xe, 0xff, 0xff,
    0xff, 0xff, 0xf0, 0x13, 0x33, 0xac, 0x44, 0x42,
    0x7, 0xff, 0xff, 0xff, 0xff, 0xb0, 0x25, 0x4,
    0x42, 0x60, 0x9b, 0x6, 0xd3, 0xed, 0xcf, 0x58,
    0xb0, 0x6d, 0x26, 0xbd, 0x63, 0x8b, 0x6, 0xd9,
    0xff, 0xff, 0xc8, 0xb0, 0x6d, 0x1, 0x9b, 0x10,
    0x8b, 0x5, 0xd0, 0x4, 0x50, 0x8, 0xb0,

    /* U+5382 "厂" */
    0x0, 0x0, 0x0, 0x0, 0x0, 0x0, 0xdf, 0xff,
    0xff, 0xff, 0xf0, 0xd, 0xa5, 0x55, 0x55, 0x55,
    0x0, 0xd8, 0x0, 0x0, 0x0, 0x0, 0xd, 0x80,
    0x0, 0x0, 0x0, 0x0, 0xd8, 0x0, 0x0, 0x0,
    0x0, 0xd, 0x80, 0x0, 0x0, 0x0, 0x0, 0xd8,
    0x0, 0x0, 0x0, 0x0, 0x4f, 0x20, 0x0, 0x0,
    0x0, 0x9, 0xb0, 0x0, 0x0, 0x0, 0x0, 0xe7,
    0x0, 0x0, 0x0, 0x0, 0x0, 0x0, 0x0, 0x0,
    0x0, 0x0,

    /* U+538B "压" */
    0x0, 0x0, 0x0, 0x0, 0x0, 0x0, 0x1, 0xff,
    0xff, 0xff, 0xff, 0xf2, 0x1, 0xf7, 0x44, 0x44,
    0x44, 0x40, 0x1, 0xf3, 0x0, 0x47, 0x0, 0x0,
    0x2, 0xf3, 0x0, 0x7d, 0x0, 0x0, 0x2, 0xf4,
    0xdd, 0xef, 0xdd, 0x70, 0x2, 0xf4, 0x44, 0x9e,
    0x44, 0x20, 0x2, 0xf3, 0x0, 0x7d, 0x1f, 0x60,
    0x4, 0xf1, 0x0, 0x7d, 0x8, 0x30, 0xb, 0xb2,
    0x44, 0xae, 0x44, 0x40, 0x1f, 0x69, 0xff, 0xff,
    0xff, 0xf2, 0x2, 0x10, 0x0, 0x0, 0x0, 0x0,

    /* U+53CD "反" */
    0xf, 0xff, 0xff, 0xff, 0xf6, 0xf, 0x83, 0x33,
    0x33, 0x31, 0xf, 0x62, 0x22, 0x22, 0x20, 0xf,
    0xff, 0xff, 0xff, 0xf0, 0xf, 0x62, 0x22, 0x27,
    0xf0, 0xf, 0x5e, 0xa2, 0x5f, 0x80, 0xf, 0x56,
    0xed, 0xfa, 0x10, 0x5f, 0x31, 0xbf, 0xf9, 0x20,
    0x8f, 0x27, 0xe4, 0xcf, 0xa3, 0xe8, 0x4f, 0x30,
    0x0, 0xf7, 0x10, 0x0, 0x0, 0x0, 0x0,

    /* U+53D1 "发" */
    0x0, 0x0, 0x10, 0x0, 0x0, 0x2e, 0x93, 0xf5,
    0xa, 0x90, 0x8f, 0x4a, 0xf3, 0x26, 0x61, 0xef,
    0xff, 0xff, 0xff, 0xfb, 0x1, 0x4f, 0x51, 0x11,
    0x11, 0x0, 0xbf, 0xff, 0xff, 0xf3, 0x3, 0xf9,
    0x54, 0x57, 0xf4, 0xa, 0xd6, 0xf3, 0x6f, 0x50,
    0x5f, 0x12, 0x9f, 0xe9, 0x0, 0x7d, 0x28, 0xfc,
    0xee, 0x42, 0xe7, 0x3f, 0x50, 0x8, 0xfc, 0x10,
    0x0, 0x0, 0x0, 0x11,

    /* U+53D6 "取" */
    0xf, 0xff, 0xff, 0xa2, 0x22, 0x20, 0x6, 0xf3,
    0x5f, 0x7f, 0xff, 0xf1, 0x4, 0xf4, 0x6f, 0x13,
    0x36, 0xf1, 0x4, 0xfe, 0xef, 0x3a, 0xa, 0xb0,
    0x4, 0xe3, 0x5f, 0x3e, 0x7e, 0x50, 0x4, 0xff,
    0xff, 0xa, 0xff, 0x0, 0x4, 0xe0, 0x3f, 0x0,
    0xea, 0x20, 0x1f, 0xff, 0xff, 0xe, 0xae, 0x80,
    0x3, 0x33, 0x5f, 0x4c, 0x34, 0xd3, 0x0, 0x0,
    0x3f, 0x8b, 0x0, 0xd4,

    /* U+53E3 "口" */
    0x26, 0x66, 0x66, 0x66, 0x62, 0x5f, 0xff, 0xff,
    0xff, 0xf6, 0x49, 0x0, 0x0, 0x0, 0xe6, 0x6e,
    0x0, 0x0, 0x0, 0xe6, 0x6e, 0x0, 0x0, 0x0,
    0xe6, 0x6e, 0x0, 0x0, 0x0, 0xe6, 0x6e, 0x0,
    0x0, 0x0, 0xe6, 0x6f, 0x0, 0x0, 0x0, 0xf6,
    0x6f, 0xff, 0xff, 0xff, 0xf6, 0x25, 0x55, 0x55,
    0x55, 0x52,

    /* U+53EA "只" */
    0x5, 0x66, 0x66, 0x66, 0x60, 0xb, 0xee, 0xee,
    0xee, 0xf1, 0xc, 0x60, 0x0, 0x2, 0xf1, 0xd,
    0x70, 0x0, 0x2, 0xf1, 0xd, 0x94, 0x43, 0x25,
    0xf1, 0xd, 0xff, 0xfc, 0xaf, 0xf1, 0x0, 0x47,
    0x0, 0x56, 0x0, 0x6, 0xdf, 0x0, 0xbf, 0x70,
    0x5d, 0xd2, 0x0, 0x1c, 0xf8, 0xae, 0x0, 0x0,
    0x0, 0xae,

    /* U+5411 "向" */
    0x0, 0x0, 0x0, 0x0, 0x0, 0x0, 0x9, 0xf1,
    0x11, 0x1, 0x6f, 0xff, 0xff, 0xff, 0xfe, 0x6f,
    0x44, 0x33, 0x33, 0x8e, 0x6e, 0x5, 0x55, 0x52,
    0x6e, 0x6e, 0xf, 0xee, 0xf6, 0x6e, 0x6e, 0xf,
    0x30, 0xf6, 0x6e, 0x6e, 0xf, 0x74, 0xf6, 0x5e,
    0x6e, 0xf, 0xff, 0xf6, 0x5e, 0x5e, 0x0, 0x0,
    0x0, 0x5e, 0x5e, 0x0, 0x0, 0x0, 0x5e, 0x1,
    0x0, 0x0, 0x0, 0x0,

    /* U+5426 "否" */
    0x0, 0x0, 0x0, 0x0, 0x0, 0xaf, 0xff, 0xff,
    0xff, 0xfa, 0x23, 0x49, 0xf6, 0x33, 0x32, 0x2,
    0x8f, 0xe8, 0xd7, 0x10, 0x6d, 0xd3, 0xa8, 0x5e,
    0xc4, 0xb6, 0x0, 0x97, 0x1, 0xa7, 0xc, 0xde,
    0xee, 0xee, 0xd0, 0x4, 0x55, 0x55, 0x57, 0xf0,
    0x8, 0x20, 0x0, 0x4, 0xf0, 0xe, 0x73, 0x33,
    0x16, 0xf0, 0xe, 0xff, 0xff, 0x8f, 0xf0, 0x0,
    0x0, 0x0, 0x0, 0x0,

    /* U+542F "启" */
    0x0, 0x0, 0x0, 0x0, 0x0, 0x5, 0x55, 0x9f,
    0x95, 0x52, 0xe, 0xfe, 0xee, 0xee, 0xf6, 0xe,
    0x50, 0x0, 0x0, 0xd6, 0xe, 0x7e, 0xee, 0xee,
    0xf6, 0xe, 0x54, 0x44, 0x44, 0x41, 0xe, 0x6f,
    0xff, 0xff, 0xf6, 0x1e, 0x6a, 0x55, 0x55, 0xe7,
    0x7f, 0x4f, 0x10, 0x0, 0xd6, 0xfb, 0x2f, 0x54,
    0x43, 0xd6, 0x52, 0x2f, 0xff, 0xfc, 0xf6, 0x0,
    0x0, 0x0, 0x0, 0x0,

    /* U+5438 "吸" */
    0x1f, 0xff, 0x6f, 0xff, 0xfc, 0x0, 0x9, 0x5f,
    0x47, 0xf4, 0xac, 0x0, 0x1f, 0x2e, 0x45, 0xe2,
    0x9c, 0x30, 0x1f, 0x2e, 0x45, 0xea, 0xff, 0xe0,
    0x1f, 0x2e, 0x45, 0xe1, 0x18, 0xe0, 0x1f, 0x2e,
    0x45, 0xec, 0x8e, 0xa0, 0x1f, 0x8f, 0x49, 0xd4,
    0xdd, 0x30, 0xe, 0xcf, 0x5e, 0xb3, 0xeb, 0x30,
    0x0, 0x0, 0x8f, 0x5a, 0xce, 0xa0, 0x0, 0x0,
    0xdf, 0xf, 0x25, 0xf1, 0x0, 0x0, 0x0, 0x1,
    0x0, 0x0,

    /* U+547C "呼" */
    0x0, 0x0, 0x0, 0x2, 0x10, 0x5, 0x55, 0x57,
    0xff, 0xff, 0xe0, 0xee, 0xee, 0x24, 0xac, 0x57,
    0xf, 0x34, 0xe5, 0x78, 0xb5, 0x80, 0xf3, 0x4e,
    0x8d, 0x8b, 0x9e, 0xf, 0x34, 0xe3, 0x4a, 0xd4,
    0x41, 0xf3, 0x4e, 0xcf, 0xff, 0xff, 0x3f, 0x45,
    0xe0, 0x8, 0xb0, 0x0, 0xfc, 0xbe, 0x0, 0x8b,
    0x0, 0x1, 0x10, 0x10, 0x2c, 0x80, 0x0, 0x0,
    0x0, 0x6, 0xf1, 0x0, 0x0, 0x0, 0x0, 0x0,
    0x0, 0x0,

    /* U+5668 "器" */
    0xa, 0xff, 0xfb, 0xbf, 0xff, 0x80, 0x8, 0x82,
    0x8b, 0xa7, 0x29, 0x80, 0xa, 0xfa, 0xfb, 0xcf,
    0x9f, 0x80, 0x1, 0x21, 0x29, 0x82, 0x1a, 0x10,
    0x8f, 0xff, 0xff, 0xff, 0xff, 0xf1, 0x13, 0x5d,
    0xd8, 0x6d, 0xe5, 0x30, 0x1b, 0xfd, 0x62, 0x26,
    0xde, 0x80, 0xb, 0xff, 0xfb, 0xaf, 0xff, 0x80,
    0x4, 0xb1, 0x8b, 0x97, 0x1c, 0x50, 0x5, 0xfb,
    0xfb, 0xaf, 0xaf, 0x50, 0x0, 0x0, 0x0, 0x0,
    0x0, 0x0,

    /* U+56DE "回" */
    0x55, 0x55, 0x55, 0x55, 0x51, 0xef, 0xff, 0xff,
    0xff, 0xf5, 0x53, 0x1, 0x11, 0x10, 0xf5, 0xc7,
    0x3f, 0xff, 0xe0, 0xf5, 0xc7, 0x3d, 0x25, 0xe0,
    0xf5, 0xc7, 0x3e, 0x4, 0xe0, 0xf5, 0xd7, 0x3f,
    0xdc, 0xe0, 0xf5, 0xd7, 0x15, 0x54, 0x40, 0xf5,
    0xda, 0x44, 0x44, 0x23, 0xf5, 0xdf, 0xff, 0xff,
    0x8c, 0xf5, 0x0, 0x0, 0x0, 0x0, 0x0,

    /* U+56FA "固" */
    0x0, 0x0, 0x0, 0x0, 0x0, 0xef, 0xff, 0xff,
    0xff, 0xf5, 0xd8, 0x33, 0xa9, 0x33, 0xe5, 0xd6,
    0x9b, 0xed, 0xb4, 0xe5, 0xd6, 0x56, 0xba, 0x62,
    0xe5, 0xd6, 0x2c, 0xee, 0xc2, 0xe5, 0xe6, 0x17,
    0x44, 0xf3, 0xe5, 0xe6, 0x3e, 0x22, 0xf2, 0xe5,
    0xe6, 0x3e, 0xed, 0xf2, 0xf5, 0xe8, 0x33, 0x33,
    0x23, 0xf5, 0xef, 0xff, 0xff, 0xbd, 0xf5,

    /* U+5728 "在" */
    0x1, 0x22, 0xe6, 0x22, 0x22, 0x10, 0xdf, 0xff,
    0xff, 0xff, 0xfe, 0x2, 0x3a, 0xb5, 0x33, 0x33,
    0x20, 0x18, 0xf5, 0x0, 0xd5, 0x0, 0x2c, 0xdb,
    0x2, 0x2e, 0x72, 0x12, 0xb8, 0xc0, 0xff, 0xff,
    0xf9, 0x0, 0x6c, 0x2, 0x2e, 0x72, 0x10, 0x6,
    0xc0, 0x0, 0xe6, 0x0, 0x0, 0x6c, 0x14, 0x4e,
    0x84, 0x40, 0x6, 0xc7, 0xff, 0xff, 0xff,

    /* U+5747 "均" */
    0x0, 0x0, 0x0, 0x0, 0x0, 0x0, 0x0, 0xa9,
    0x0, 0x8e, 0x33, 0x31, 0x0, 0xa9, 0xb, 0xff,
    0xff, 0xf6, 0x1a, 0xed, 0x94, 0x30, 0x0, 0xe6,
    0x19, 0xdd, 0x80, 0xe6, 0x0, 0xe6, 0x0, 0xa9,
    0x0, 0x6f, 0x40, 0xe6, 0x0, 0xa9, 0x0, 0x6,
    0x71, 0xe6, 0x0, 0xaa, 0x51, 0x6e, 0xe3, 0xe6,
    0x1, 0xbe, 0xc4, 0xf7, 0x1, 0xe6, 0xe, 0xea,
    0x0, 0x0, 0x39, 0xf1, 0x4, 0x20, 0x0, 0x0,
    0xae, 0x20,

    /* U+578B "型" */
    0xbf, 0xff, 0xfb, 0x13, 0x5e, 0x2, 0xc9, 0x8e,
    0x27, 0xd5, 0xe0, 0x8e, 0xcc, 0xe8, 0x7d, 0x5e,
    0x8, 0xfc, 0xbe, 0x87, 0xd5, 0xe0, 0x3f, 0x26,
    0xd0, 0x12, 0x5e, 0x8, 0xc0, 0x5c, 0x0, 0x5,
    0xe0, 0xe, 0xee, 0xff, 0xee, 0xe7, 0x0, 0x55,
    0x5a, 0xc4, 0x44, 0x20, 0x33, 0x33, 0xac, 0x33,
    0x33, 0x1e, 0xff, 0xff, 0xff, 0xff, 0xf4,

    /* U+5907 "备" */
    0x0, 0xf, 0xa0, 0x0, 0x0, 0x0, 0x0, 0xdc,
    0xef, 0xff, 0xf9, 0x0, 0xf, 0xc7, 0x60, 0xc,
    0xed, 0x0, 0x8, 0x56, 0xff, 0xfc, 0x60, 0x0,
    0x1f, 0xff, 0xc4, 0x4f, 0xff, 0xf2, 0x7, 0xca,
    0x66, 0x68, 0xac, 0x71, 0x0, 0xab, 0xbd, 0xdb,
    0xdd, 0x0, 0x0, 0xcd, 0xde, 0xed, 0xed, 0x0,
    0x0, 0xe6, 0x38, 0x81, 0x6d, 0x0, 0x0, 0xef,
    0xff, 0xfa, 0xbd, 0x0,

    /* U+590D "复" */
    0x5, 0xff, 0xee, 0xee, 0xee, 0x30, 0xcc, 0xa9,
    0x99, 0x99, 0x81, 0x6, 0x6c, 0xcc, 0xcc, 0xcd,
    0x0, 0x4, 0xdd, 0xdd, 0xdd, 0xd0, 0x0, 0x5e,
    0xbb, 0xb6, 0xcd, 0x0, 0x3, 0xef, 0xbb, 0x7a,
    0x70, 0x1, 0x9d, 0xad, 0xdd, 0xec, 0x0, 0x6a,
    0x4d, 0x98, 0xbb, 0x40, 0x0, 0x22, 0xee, 0xee,
    0x52, 0x10, 0x2f, 0xf7, 0x10, 0x2f, 0xfb, 0x0,
    0x0, 0x0, 0x0, 0x0, 0x0,

    /* U+5931 "失" */
    0x0, 0x0, 0x0, 0x0, 0x0, 0x8, 0xf0, 0x6f,
    0x0, 0x0, 0x5f, 0xdf, 0xff, 0xff, 0xf0, 0xdb,
    0x35, 0x9f, 0x55, 0x40, 0x64, 0x0, 0x6e, 0x0,
    0x0, 0xaf, 0xff, 0xff, 0xff, 0xfc, 0x35, 0x58,
    0xfb, 0xa6, 0x53, 0x0, 0x1f, 0x74, 0xf6, 0x10,
    0x3, 0xf9, 0x31, 0x4f, 0x90, 0x29, 0x92, 0x0,
    0x6, 0xa6, 0x6f, 0x20, 0x0, 0x0, 0xcd, 0x0,
    0x0, 0x0, 0x0, 0x0,

    /* U+597D "好" */
    0x7, 0xb0, 0x2, 0xff, 0xff, 0x60, 0x3b, 0xd7,
    0x60, 0x44, 0x5c, 0xa0, 0x5d, 0xed, 0xf0, 0x1,
    0x9f, 0x0, 0x7, 0xc7, 0xf0, 0x4, 0xf1, 0x0,
    0xc, 0xa7, 0xf9, 0xde, 0xfd, 0xd1, 0xe, 0x7e,
    0x93, 0x58, 0xf5, 0x50, 0xc, 0xdc, 0x30, 0x4,
    0xf0, 0x0, 0x5, 0xdc, 0xb0, 0x4, 0xf0, 0x0,
    0x2c, 0xa6, 0xa0, 0x18, 0xf0, 0x0, 0x4e, 0x10,
    0x0, 0x3f, 0x40, 0x0,

    /* U+59CB "始" */
    0x6, 0xc0, 0x0, 0xc, 0x90, 0x0, 0x29, 0xd4,
    0x30, 0x4e, 0x69, 0x0, 0x7f, 0xff, 0xf1, 0xf9,
    0x3e, 0x50, 0x6, 0xc7, 0xf6, 0xfc, 0xad, 0xd1,
    0xc, 0xb7, 0xf3, 0x66, 0x65, 0x70, 0xe, 0x8c,
    0xc4, 0xff, 0xff, 0xc0, 0xe, 0xbe, 0x52, 0x73,
    0x36, 0xc0, 0x3, 0xdc, 0x74, 0xe0, 0x4, 0xc0,
    0x2d, 0xc7, 0xf4, 0xf3, 0x26, 0xc0, 0x5f, 0x10,
    0x4, 0xff, 0xcf, 0xc0, 0x0, 0x0, 0x0, 0x0,
    0x0, 0x0,

    /* U+5A31 "娱" */
    0x1, 0xf2, 0x3, 0xdd, 0xdd, 0xb0, 0x1f, 0xff,
    0xe6, 0xf8, 0x7b, 0xd0, 0x5, 0xf8, 0xf7, 0xff,
    0xaf, 0xd0, 0x1, 0xf5, 0xf4, 0x55, 0x45, 0x40,
    0x5, 0xf5, 0xf7, 0xff, 0xff, 0xc0, 0x8, 0xda,
    0xc3, 0x47, 0xf4, 0x40, 0x7, 0xde, 0x6a, 0xff,
    0xff, 0xe2, 0x2, 0xec, 0xe1, 0x4f, 0xab, 0x0,
    0x6, 0xe5, 0xb4, 0xd9, 0x5e, 0x51, 0xc, 0x90,
    0xb, 0xa0, 0x4, 0xf3, 0x0, 0x0, 0x0, 0x0,
    0x0, 0x10,

    /* U+5B57 "字" */
    0x0, 0x0, 0x0, 0x0, 0x0, 0x0, 0x0, 0xc,
    0xe0, 0x0, 0x0, 0xde, 0xee, 0xff, 0xff, 0xfd,
    0xe, 0x52, 0x22, 0x22, 0x26, 0xe0, 0x10, 0xff,
    0xff, 0xf8, 0x13, 0x0, 0x2, 0x22, 0xac, 0x50,
    0x0, 0x34, 0x44, 0xce, 0x74, 0x44, 0xd, 0xff,
    0xff, 0xff, 0xff, 0xf0, 0x0, 0x0, 0xa9, 0x0,
    0x0, 0x0, 0x0, 0x2b, 0x90, 0x0, 0x0, 0x0,
    0xc, 0xf9, 0x0, 0x0, 0x0,

    /* U+5B58 "存" */
    0x0, 0x0, 0x0, 0x0, 0x0, 0x0, 0x35, 0x5a,
    0xc5, 0x55, 0x54, 0xa, 0xee, 0xff, 0xee, 0xee,
    0xc0, 0x0, 0x3c, 0x73, 0x33, 0x30, 0x0, 0xdc,
    0x72, 0xee, 0xef, 0x30, 0x89, 0xd2, 0x0, 0x5,
    0x81, 0x7, 0x3f, 0x42, 0x3a, 0xd5, 0x20, 0x1,
    0xf4, 0xff, 0xff, 0xff, 0x0, 0x1f, 0x40, 0x8,
    0xa0, 0x0, 0x1, 0xf4, 0x0, 0xa9, 0x0, 0x0,
    0x1f, 0x40, 0x3f, 0x20, 0x0,

    /* U+5B8C "完" */
    0x44, 0x44, 0xdd, 0x55, 0x54, 0xef, 0xff, 0xff,
    0xff, 0xfe, 0xe6, 0x22, 0x22, 0x21, 0x5e, 0x32,
    0xff, 0xff, 0xff, 0x13, 0x0, 0x33, 0x33, 0x22,
    0x0, 0xdf, 0xff, 0xff, 0xff, 0xfb, 0x12, 0x9f,
    0x32, 0xf6, 0x21, 0x5, 0xfb, 0x0, 0xf4, 0x0,
    0x4b, 0xa2, 0x0, 0xf8, 0x44, 0x8f, 0x10, 0x0,
    0xff, 0xff, 0x0, 0x0, 0x0, 0x0, 0x0,

    /* U+5B9A "定" */
    0x0, 0x0, 0xaf, 0x0, 0x0, 0xc, 0x7c, 0xce,
    0xfc, 0xcc, 0xc1, 0xf6, 0x66, 0x66, 0x66, 0x7f,
    0x26, 0x55, 0x55, 0x55, 0x56, 0x60, 0x8, 0xff,
    0xff, 0xff, 0xf0, 0x0, 0x5, 0x33, 0xf3, 0x22,
    0x0, 0x0, 0xf9, 0x3f, 0xff, 0xe0, 0x0, 0xbd,
    0x13, 0xf1, 0x0, 0x0, 0x5e, 0x94, 0x6f, 0x54,
    0x43, 0xa, 0xe3, 0xff, 0xff, 0xff, 0xe0, 0x0,
    0x0, 0x0, 0x0, 0x0, 0x0,

    /* U+5B9E "实" */
    0x0, 0x0, 0x0, 0x0, 0x0, 0x45, 0x55, 0xbd,
    0x55, 0x54, 0xff, 0xff, 0xff, 0xff, 0xfe, 0xf5,
    0x57, 0x37, 0x0, 0x5e, 0x11, 0x8c, 0x6e, 0x0,
    0x2, 0xb, 0xf1, 0x5e, 0x0, 0x0, 0x49, 0xa7,
    0xaf, 0x77, 0x75, 0x8c, 0xcd, 0xff, 0xec, 0xc8,
    0x0, 0x3a, 0xfa, 0xf5, 0x0, 0x6, 0xbf, 0x51,
    0xaf, 0x51, 0xf, 0x90, 0x0, 0x3, 0xf5, 0x0,
    0x0, 0x0, 0x0, 0x10,

    /* U+5BB9 "容" */
    0xc, 0x8d, 0xde, 0xfd, 0xdd, 0xa0, 0xf5, 0x68,
    0x56, 0x85, 0xac, 0xa, 0x4a, 0xf1, 0x2f, 0x95,
    0x80, 0x2f, 0xc4, 0xdb, 0x6b, 0xe0, 0x0, 0x66,
    0xf9, 0xaf, 0x73, 0x0, 0xbd, 0xf4, 0x11, 0x5e,
    0xbb, 0x7, 0xdf, 0xff, 0xff, 0xfd, 0x90, 0xa,
    0xa4, 0x44, 0x39, 0xa0, 0x0, 0xaa, 0x33, 0x22,
    0x9a, 0x0, 0xa, 0xff, 0xfd, 0xdf, 0x90,

    /* U+5BF9 "对" */
    0x6, 0x66, 0x62, 0x0, 0xf, 0x50, 0x1f, 0xff,
    0xf6, 0x22, 0x2f, 0x61, 0x0, 0x4, 0xfb, 0xff,
    0xff, 0xf7, 0xf, 0x98, 0xf1, 0x11, 0x1f, 0x50,
    0x9, 0xdd, 0xc0, 0xc7, 0xf, 0x40, 0x3, 0xef,
    0x70, 0xbd, 0x4f, 0x40, 0x0, 0x6f, 0xb4, 0x2f,
    0x6f, 0x40, 0x1, 0xda, 0xf7, 0x0, 0xf, 0x40,
    0xa, 0xf4, 0x10, 0x0, 0xf, 0x40, 0x1f, 0x60,
    0x0, 0x0, 0xf, 0x40,

    /* U+5C4F "屏" */
    0x0, 0x0, 0x0, 0x0, 0x0, 0x2, 0xff, 0xff,
    0xff, 0xff, 0xf0, 0x2f, 0x54, 0x44, 0x44, 0x7f,
    0x2, 0xf9, 0xff, 0xff, 0xff, 0xe0, 0x2f, 0x10,
    0xd6, 0xc, 0x40, 0x2, 0xf4, 0xff, 0xff, 0xff,
    0xb0, 0x2f, 0x24, 0xda, 0x4d, 0x92, 0x2, 0xf3,
    0x5d, 0xa5, 0xda, 0x50, 0x2f, 0x8e, 0xff, 0xef,
    0xfe, 0x28, 0xd0, 0x5e, 0x20, 0xc7, 0x0, 0xdb,
    0xe, 0xd0, 0xc, 0x70, 0x0, 0x0, 0x10, 0x0,
    0x0, 0x0,

    /* U+5CF0 "峰" */
    0x0, 0x0, 0x0, 0x0, 0x11, 0x0, 0x0, 0x99,
    0x1, 0xff, 0xff, 0x70, 0x2, 0x99, 0x36, 0xf4,
    0x8, 0xc0, 0x4e, 0x99, 0xeb, 0xaf, 0x6f, 0x20,
    0x4e, 0x89, 0xe5, 0x6e, 0xed, 0x41, 0x4e, 0x89,
    0xe9, 0xd9, 0x6a, 0xd4, 0x3e, 0x89, 0xe4, 0xef,
    0xff, 0xc0, 0x3e, 0x89, 0xe4, 0x7a, 0xfa, 0x60,
    0x3e, 0xa9, 0xe4, 0x7a, 0xf9, 0x70, 0x3f, 0xfa,
    0xe7, 0xee, 0xfe, 0xe2, 0x0, 0x0, 0x0, 0x1,
    0xf1, 0x0,

    /* U+5DF2 "已" */
    0x5f, 0xff, 0xff, 0xff, 0xe0, 0x26, 0x66, 0x66,
    0x6a, 0xe0, 0x0, 0x0, 0x0, 0x7, 0xe0, 0x1f,
    0x40, 0x0, 0x7, 0xe0, 0x1f, 0x4e, 0xff, 0xff,
    0xe0, 0x1f, 0x46, 0x66, 0x66, 0x60, 0x1f, 0x40,
    0x0, 0x0, 0x0, 0x1f, 0x40, 0x0, 0x0, 0x0,
    0x1f, 0x86, 0x66, 0x66, 0x64, 0x1f, 0xff, 0xff,
    0xff, 0xfb,

    /* U+5E38 "常" */
    0x0, 0x3f, 0x18, 0xc0, 0xe6, 0x0, 0x3a, 0x8f,
    0xde, 0xfc, 0xfd, 0xc2, 0x4e, 0x35, 0x55, 0x55,
    0x55, 0xf3, 0x3a, 0x1f, 0xff, 0xff, 0xf8, 0xb2,
    0x0, 0x8, 0x11, 0x11, 0x89, 0x0, 0x0, 0x1f,
    0xff, 0xf9, 0xf9, 0x0, 0x0, 0x35, 0x59, 0xf4,
    0x54, 0x10, 0x3, 0xff, 0xff, 0xff, 0xff, 0x80,
    0x3, 0xf0, 0x6, 0xe0, 0xb, 0x80, 0x3, 0xf0,
    0x6, 0xe0, 0xb, 0x80,

    /* U+5E73 "平" */
    0x0, 0x0, 0x0, 0x0, 0x0, 0x0, 0x5, 0xff,
    0xff, 0xff, 0xff, 0x80, 0x1, 0x33, 0x3b, 0xb3,
    0x33, 0x10, 0x0, 0xf7, 0x9, 0xa0, 0x6e, 0x10,
    0x0, 0x8e, 0x69, 0xa4, 0xe9, 0x0, 0x0, 0x9,
    0x49, 0xa3, 0x91, 0x0, 0xe, 0xee, 0xef, 0xfe,
    0xee, 0xe2, 0x5, 0x55, 0x5b, 0xc5, 0x55, 0x51,
    0x0, 0x0, 0x9, 0xb0, 0x0, 0x0, 0x0, 0x0,
    0x9, 0xa0, 0x0, 0x0, 0x0, 0x0, 0x9, 0xa0,
    0x0, 0x0,

    /* U+5E76 "并" */
    0x0, 0x0, 0x0, 0x0, 0x0, 0x0, 0xaf, 0x0,
    0xfb, 0x0, 0x8f, 0xff, 0xff, 0xff, 0xf7, 0x25,
    0x9e, 0x55, 0xad, 0x52, 0x0, 0x6e, 0x0, 0x8b,
    0x0, 0x44, 0x8e, 0x44, 0xac, 0x44, 0xdf, 0xff,
    0xff, 0xff, 0xff, 0x0, 0x6c, 0x0, 0x9b, 0x0,
    0x0, 0xd6, 0x0, 0x9b, 0x0, 0x6, 0xa1, 0x0,
    0x9b, 0x0, 0xd, 0x90, 0x0, 0x9b, 0x0, 0x0,
    0x0, 0x0, 0x11, 0x0,

    /* U+5EA6 "度" */
    0x1, 0x44, 0x46, 0xf8, 0x44, 0x30, 0x4f, 0xab,
    0xda, 0xae, 0xb8, 0x3, 0xfd, 0xde, 0xdd, 0xfd,
    0xa0, 0x3f, 0x57, 0xb6, 0x7e, 0x73, 0x3, 0xf1,
    0x38, 0xee, 0xe4, 0x0, 0x3f, 0x4d, 0xdd, 0xdd,
    0xd1, 0x4, 0xf2, 0x94, 0x44, 0x9f, 0x30, 0xbd,
    0xf, 0xf1, 0x8f, 0x71, 0xd, 0x91, 0x4c, 0xfc,
    0x95, 0x2, 0xf4, 0x5f, 0xe4, 0x1d, 0xf3, 0x0,
    0x0, 0x0, 0x0, 0x0, 0x0,

    /* U+5EB7 "康" */
    0x3, 0x34, 0x7f, 0x64, 0x44, 0x3, 0xfc, 0xcc,
    0xec, 0xcb, 0xb0, 0x3f, 0x2f, 0xff, 0xff, 0xf5,
    0x3, 0xf7, 0xaa, 0xfc, 0x9e, 0xb1, 0x3f, 0x8a,
    0xaf, 0xca, 0xec, 0x13, 0xf3, 0xff, 0xff, 0xff,
    0x50, 0x3f, 0x2b, 0x3e, 0x65, 0xb0, 0x8, 0xf1,
    0xa7, 0xeb, 0xe9, 0x0, 0xab, 0x17, 0xbe, 0xad,
    0xe2, 0xe, 0x74, 0xc0, 0xe5, 0x8, 0xa0, 0x0,
    0x0, 0x0, 0x0, 0x0, 0x0,

    /* U+5EFA "建" */
    0x3, 0x31, 0x0, 0x0, 0x0, 0x0, 0x2f, 0xf9,
    0xe, 0xff, 0xff, 0x60, 0x0, 0x7f, 0x11, 0x2f,
    0x4b, 0x70, 0x2, 0xd5, 0x6f, 0xff, 0xef, 0xf2,
    0xc, 0xf7, 0x8, 0x9f, 0xad, 0x60, 0x8, 0xaf,
    0x17, 0x8f, 0x98, 0x30, 0x0, 0x4f, 0x1f, 0xff,
    0xff, 0x70, 0x1d, 0x9f, 0x39, 0x9f, 0xa9, 0x70,
    0x7, 0xf9, 0x46, 0x6f, 0x86, 0x50, 0x7, 0xdf,
    0x95, 0x5d, 0x64, 0x41, 0xe, 0x50, 0xef, 0xff,
    0xff, 0xf3, 0x0, 0x0, 0x0, 0x0, 0x0, 0x0,

    /* U+5F00 "开" */
    0x15, 0x55, 0x55, 0x55, 0x52, 0x5, 0xef, 0xff,
    0xff, 0xff, 0x70, 0x0, 0x7c, 0x0, 0x7d, 0x0,
    0x0, 0x7, 0xc0, 0x7, 0xd0, 0x0, 0x77, 0xbe,
    0x77, 0xbe, 0x77, 0xa, 0xbd, 0xfb, 0xbd, 0xfb,
    0xb0, 0x0, 0xbc, 0x0, 0x7c, 0x0, 0x0, 0x2f,
    0x60, 0x7, 0xc0, 0x0, 0x9, 0xf0, 0x0, 0x7c,
    0x0, 0x0, 0xf5, 0x0, 0x7, 0xc0, 0x0, 0x0,
    0x0, 0x0, 0x0, 0x0, 0x0,

    /* U+5F0F "式" */
    0x0, 0x0, 0x0, 0x3f, 0x2f, 0x60, 0x1d, 0xdd,
    0xdd, 0xef, 0xef, 0xf0, 0x7, 0x77, 0x77, 0x8f,
    0x86, 0x60, 0x0, 0x0, 0x0, 0x2f, 0x20, 0x0,
    0x8, 0xff, 0xff, 0x4f, 0x20, 0x0, 0x2, 0x5d,
    0xa5, 0x1f, 0x70, 0x0, 0x0, 0xc, 0x80, 0xc,
    0xf0, 0x0, 0x1, 0x2d, 0x92, 0x3, 0xd8, 0x0,
    0xd, 0xff, 0xff, 0x60, 0x7c, 0x40, 0x2, 0x22,
    0x22, 0x0, 0xd, 0x90,

    /* U+5F39 "弹" */
    0x1d, 0xdd, 0x60, 0xf7, 0x7e, 0x0, 0x5, 0x5d,
    0x8b, 0xfd, 0xdf, 0xb0, 0x6, 0x6d, 0x8c, 0x9c,
    0xc9, 0xf0, 0xf, 0xa9, 0x4f, 0xff, 0xff, 0xf0,
    0xf, 0x30, 0xf, 0x6a, 0xa5, 0xf0, 0xf, 0xff,
    0x7f, 0xff, 0xff, 0xf0, 0x3, 0x3d, 0x75, 0x6c,
    0xb5, 0x50, 0x0, 0xd, 0x9f, 0xff, 0xff, 0xf3,
    0x0, 0x8f, 0x30, 0xa, 0x90, 0x0, 0x0, 0xe7,
    0x0, 0xa, 0x90, 0x0,

    /* U+5F55 "录" */
    0xd, 0xff, 0xff, 0xff, 0x70, 0x0, 0x47, 0x77,
    0x77, 0xe7, 0x0, 0x8, 0xff, 0xff, 0xff, 0x70,
    0x6, 0x66, 0x66, 0x66, 0xda, 0x60, 0xaa, 0xaa,
    0xed, 0xaa, 0xaa, 0x10, 0xe6, 0xa, 0x90, 0xad,
    0x0, 0x7, 0x7d, 0xca, 0xff, 0x50, 0x0, 0x3b,
    0xec, 0xae, 0xb3, 0x0, 0x4b, 0xc0, 0xa9, 0xd,
    0xb3, 0x6, 0xd0, 0xa, 0x80, 0xc, 0xb0, 0x0,
    0x0, 0x0, 0x0, 0x0, 0x0,

    /* U+5F62 "形" */
    0x0, 0x0, 0x0, 0x0, 0x0, 0x0, 0xe, 0xff,
    0xff, 0xf0, 0xe, 0x90, 0x2, 0xc9, 0x3f, 0x51,
    0xf9, 0x30, 0x0, 0xc7, 0xf, 0x20, 0x63, 0x0,
    0x0, 0xc7, 0x1f, 0x20, 0xb, 0xc0, 0x1f, 0xff,
    0xff, 0xf5, 0xdb, 0x40, 0x2, 0xc8, 0x2f, 0x40,
    0x54, 0x10, 0x0, 0xc7, 0xf, 0x20, 0x5, 0xf1,
    0x4, 0xf4, 0xf, 0x20, 0x6f, 0x60, 0x9, 0xb0,
    0xf, 0x25, 0xa6, 0x0, 0xe, 0x70, 0x1f, 0x28,
    0xa0, 0x0, 0x0, 0x0, 0x0, 0x0, 0x0, 0x0,

    /* U+5F69 "彩" */
    0xe, 0xff, 0xff, 0xf3, 0x7, 0xd0, 0x8, 0x76,
    0x96, 0x90, 0x7c, 0x60, 0xd, 0xa8, 0xe8, 0xe0,
    0x45, 0x0, 0x0, 0x2, 0x80, 0x0, 0x6, 0xf1,
    0xe, 0xee, 0xfe, 0xe3, 0x7f, 0x20, 0x6, 0xfc,
    0xfd, 0xb1, 0x25, 0x20, 0x6, 0xe7, 0xf9, 0xd0,
    0x2, 0xf5, 0x1d, 0x94, 0xf3, 0xf2, 0xe, 0xa1,
    0x2e, 0x34, 0xf0, 0xf6, 0x6c, 0x60, 0x0, 0x4,
    0xf0, 0x0, 0xf6, 0x0, 0x0, 0x0, 0x0, 0x0,
    0x0, 0x0,

    /* U+5F85 "待" */
    0x0, 0x0, 0x0, 0x0, 0x0, 0x0, 0x1, 0x8d,
    0x0, 0xf, 0x50, 0x0, 0x6f, 0xc7, 0xc, 0xcf,
    0xdb, 0x60, 0x27, 0x3c, 0x43, 0x3f, 0x73, 0x30,
    0x2, 0xec, 0x9f, 0xff, 0xff, 0xf0, 0x6f, 0xd9,
    0x1, 0x11, 0xab, 0x10, 0x37, 0x9b, 0x4e, 0xee,
    0xff, 0xc0, 0x0, 0x9b, 0x26, 0x66, 0xcd, 0x50,
    0x0, 0x9b, 0x5, 0xf4, 0x9b, 0x0, 0x0, 0x9b,
    0x2, 0x71, 0x9b, 0x0, 0x0, 0x9b, 0x0, 0x0,
    0x9b, 0x0, 0x0, 0x0, 0x0, 0x0, 0x0, 0x0,

    /* U+5FAA "循" */
    0x0, 0x22, 0x0, 0x0, 0x0, 0x0, 0x4, 0xda,
    0x5f, 0xff, 0xff, 0xf1, 0x2e, 0x70, 0x5f, 0x66,
    0xd9, 0x50, 0x14, 0x4e, 0x6f, 0xff, 0xff, 0xf2,
    0x4, 0xfb, 0x6f, 0x54, 0xc7, 0x40, 0x4e, 0xd5,
    0x5f, 0x4f, 0xff, 0xf0, 0x28, 0xa8, 0x5f, 0x3a,
    0x68, 0xf0, 0x0, 0xa8, 0x5f, 0x5f, 0xaa, 0xf0,
    0x0, 0xa8, 0x5f, 0x5f, 0xcc, 0xf0, 0x0, 0xa8,
    0xe8, 0x3e, 0x34, 0xf0, 0x0, 0xa8, 0xe8, 0x3f,
    0xff, 0xf0, 0x0, 0x0, 0x0, 0x0, 0x0, 0x0,

    /* U+6001 "态" */
    0x0, 0x0, 0x0, 0x0, 0x0, 0x0, 0x0, 0x11,
    0x1e, 0x71, 0x11, 0x0, 0xe, 0xff, 0xff, 0xff,
    0xff, 0xc0, 0x3, 0x47, 0xdf, 0xcc, 0x44, 0x30,
    0x0, 0x3b, 0xf2, 0xbf, 0x71, 0x0, 0x5, 0xcf,
    0x4b, 0x56, 0xf8, 0x40, 0xb, 0xc2, 0x1d, 0x50,
    0x2f, 0xa0, 0x1, 0x63, 0x60, 0x74, 0x5, 0x20,
    0x6, 0xf7, 0xe0, 0xe9, 0xf, 0x80, 0x2e, 0x76,
    0xe5, 0x55, 0x4b, 0xf5, 0x6f, 0x16, 0xff, 0xff,
    0xf2, 0x72,

    /* U+603B "总" */
    0x0, 0x0, 0x0, 0x0, 0x0, 0x0, 0x0, 0x8,
    0xf1, 0x2f, 0x80, 0x0, 0x0, 0xdf, 0xff, 0xff,
    0xff, 0x10, 0x0, 0x86, 0x44, 0x44, 0x6f, 0x10,
    0x0, 0xd5, 0x0, 0x0, 0x2f, 0x10, 0x0, 0xdf,
    0xff, 0xad, 0xff, 0x10, 0x0, 0x45, 0x74, 0x56,
    0x56, 0x0, 0x5, 0xf5, 0xf0, 0xe9, 0x4f, 0x30,
    0xa, 0xb5, 0xf0, 0x53, 0x19, 0xd1, 0x1f, 0x45,
    0xf4, 0x44, 0x44, 0xd2, 0x0, 0x5, 0xff, 0xff,
    0xf1, 0x0, 0x0, 0x0, 0x0, 0x0, 0x0, 0x0,

    /* U+6062 "恢" */
    0x0, 0x99, 0x4, 0xf0, 0x0, 0x0, 0x28, 0x9a,
    0x8d, 0xfc, 0xcc, 0xc1, 0x4e, 0x9c, 0x57, 0xf4,
    0x44, 0x40, 0x4e, 0x9e, 0x44, 0xf0, 0xb6, 0x0,
    0x4e, 0x99, 0xf, 0xde, 0xb9, 0xd1, 0x4e, 0x99,
    0x4f, 0x8b, 0xb9, 0xb1, 0x1, 0x99, 0x9e, 0x3,
    0xda, 0x10, 0x0, 0x99, 0xcb, 0xb, 0x9d, 0x80,
    0x0, 0x9b, 0xf6, 0x4f, 0x37, 0xd1, 0x0, 0x99,
    0x31, 0xb9, 0x0, 0xe4,

    /* U+606F "息" */
    0x0, 0x14, 0x7f, 0x54, 0x44, 0x0, 0x0, 0x5f,
    0xff, 0xff, 0xff, 0x10, 0x0, 0x4a, 0x88, 0x88,
    0x9f, 0x10, 0x0, 0x6e, 0x99, 0x99, 0xaf, 0x10,
    0x0, 0x6f, 0xee, 0xee, 0xef, 0x10, 0x0, 0x6e,
    0x99, 0x57, 0xaf, 0x10, 0x0, 0x3a, 0xba, 0x68,
    0xab, 0x10, 0x3, 0xd4, 0xe5, 0xad, 0xe, 0xa0,
    0x7, 0xd3, 0xe7, 0x78, 0x38, 0xd4, 0x1f, 0x70,
    0xef, 0xff, 0xf4, 0xf8, 0x3, 0x10, 0x0, 0x0,
    0x0, 0x0,

    /* U+60C5 "情" */
    0x0, 0x0, 0x0, 0x0, 0x0, 0x0, 0x0, 0x89,
    0x8, 0x8c, 0xd8, 0x80, 0x2a, 0x89, 0x7, 0x9d,
    0xd9, 0x80, 0x4e, 0x8e, 0x56, 0x9c, 0xd9, 0x70,
    0x4e, 0x8d, 0x7f, 0xff, 0xff, 0xf5, 0x4e, 0x89,
    0x5, 0x88, 0x88, 0x80, 0x3e, 0x89, 0x9, 0xda,
    0xab, 0xf0, 0x2, 0x89, 0x9, 0xeb, 0xbc, 0xf0,
    0x0, 0x89, 0x9, 0xb6, 0x68, 0xf0, 0x0, 0x89,
    0x9, 0xfe, 0xef, 0xf0, 0x0, 0x79, 0x9, 0x90,
    0x3, 0xf0, 0x0, 0x0, 0x0, 0x0, 0x0, 0x0,

    /* U+6210 "成" */
    0x0, 0x0, 0x0, 0x0, 0x0, 0x0, 0x0, 0x0,
    0x0, 0x1f, 0x4b, 0x70, 0x4, 0xaa, 0xaa, 0xbf,
    0xbf, 0xd1, 0x3, 0x88, 0x88, 0x9f, 0xa8, 0x81,
    0x6, 0xf1, 0x11, 0x1f, 0x43, 0x90, 0x6, 0xff,
    0xfe, 0x1f, 0x47, 0xf1, 0x6, 0xf7, 0xae, 0x1f,
    0x8f, 0x50, 0x6, 0xf0, 0x7e, 0xd, 0xd9, 0x20,
    0x6, 0xf0, 0x5b, 0x6c, 0xcc, 0x0, 0xa, 0xc0,
    0x4, 0xa7, 0x4c, 0x60, 0xf, 0x70, 0x9, 0xc0,
    0x9, 0xe0,

    /* U+624B "手" */
    0x4, 0x77, 0x77, 0x77, 0x70, 0x0, 0x8e, 0xee,
    0xfe, 0xee, 0x0, 0x0, 0x0, 0x2f, 0x30, 0x0,
    0x3, 0xff, 0xff, 0xff, 0xff, 0x70, 0x16, 0x66,
    0x8f, 0x86, 0x63, 0x2, 0x33, 0x35, 0xf6, 0x33,
    0x30, 0xbf, 0xff, 0xff, 0xff, 0xff, 0x11, 0x22,
    0x24, 0xf5, 0x22, 0x20, 0x0, 0x0, 0x6f, 0x30,
    0x0, 0x0, 0x0, 0xaf, 0xb0, 0x0, 0x0, 0x0,
    0x5, 0x50, 0x0, 0x0, 0x0,

    /* U+6253 "打" */
    0x0, 0xa9, 0x4, 0x55, 0x55, 0x51, 0x4, 0xcb,
    0x39, 0xcc, 0xfc, 0xc2, 0x2f, 0xff, 0xe0, 0x2,
    0xf1, 0x0, 0x0, 0xa9, 0x0, 0x2, 0xf1, 0x0,
    0x0, 0xad, 0xa0, 0x2, 0xf1, 0x0, 0x2, 0xcf,
    0xc0, 0x2, 0xf1, 0x0, 0x2b, 0xf9, 0x0, 0x2,
    0xf1, 0x0, 0x5f, 0xd9, 0x0, 0x2, 0xf1, 0x0,
    0x0, 0xb9, 0x0, 0x17, 0xf1, 0x0, 0x0, 0xb9,
    0x0, 0x4f, 0x40, 0x0,

    /* U+6307 "指" */
    0x0, 0x0, 0x0, 0x0, 0x0, 0x0, 0xb, 0x80,
    0xa8, 0x17, 0xf5, 0x3, 0xca, 0x2a, 0xed, 0xf7,
    0x10, 0xff, 0xfa, 0xac, 0x80, 0x0, 0x0, 0xb8,
    0x9, 0xee, 0xdd, 0xc0, 0xb, 0xfa, 0x79, 0x99,
    0xa8, 0x1, 0xdb, 0x47, 0x99, 0x9b, 0xd0, 0xef,
    0x80, 0xb8, 0x44, 0x8d, 0xb, 0xe8, 0xc, 0xff,
    0xff, 0xd0, 0xb, 0x80, 0xc8, 0x31, 0x7d, 0x0,
    0xa8, 0xc, 0xff, 0x7f, 0xd0, 0x0, 0x0, 0x0,
    0x0, 0x0,

    /* U+6362 "换" */
    0x3, 0xf0, 0xc, 0xfc, 0xb7, 0x0, 0x27, 0xf5,
    0x9f, 0xdf, 0xfa, 0x0, 0x6e, 0xfd, 0x7d, 0x56,
    0xf9, 0x20, 0x3, 0xf0, 0x2f, 0xdc, 0xce, 0x80,
    0x3, 0xf8, 0x3f, 0x2d, 0x3b, 0x80, 0x4, 0xff,
    0xaf, 0x8e, 0x8d, 0xb0, 0x6e, 0xf0, 0xac, 0xee,
    0xfd, 0xc1, 0x6d, 0xf0, 0x4, 0xd8, 0xe9, 0x0,
    0x3, 0xf0, 0x3b, 0xc0, 0x7f, 0x40, 0x3, 0xf0,
    0x8f, 0x0, 0x8, 0xd0,

    /* U+63A5 "接" */
    0x0, 0xf3, 0x14, 0x5f, 0xb4, 0x40, 0x14, 0xf7,
    0x7f, 0xff, 0xff, 0xe0, 0x3f, 0xff, 0x57, 0xf5,
    0xaf, 0x40, 0x0, 0xf3, 0x8f, 0xff, 0xff, 0xf0,
    0x0, 0xf7, 0x45, 0xe9, 0x55, 0x50, 0x1, 0xff,
    0xde, 0xfe, 0xee, 0xe0, 0x2b, 0xf5, 0x9, 0xd3,
    0x5d, 0x0, 0x3f, 0xf3, 0x8, 0xcd, 0xea, 0x0,
    0x0, 0xf3, 0x38, 0xf9, 0xbf, 0x60, 0x0, 0xf3,
    0x8f, 0x61, 0x27, 0xf2, 0x0, 0x61, 0x0, 0x0,
    0x0, 0x0,

    /* U+63D0 "提" */
    0x0, 0xb7, 0xc, 0xff, 0xff, 0xa0, 0x9, 0xec,
    0x5c, 0xda, 0xad, 0xa0, 0xa, 0xec, 0x5b, 0xb8,
    0x8c, 0xa0, 0x0, 0xb7, 0xb, 0xff, 0x8f, 0xa0,
    0x0, 0xbe, 0x85, 0x66, 0x57, 0x50, 0x1, 0xde,
    0xbf, 0xff, 0xff, 0xf1, 0xa, 0xf7, 0x4, 0x76,
    0xe7, 0x40, 0x1d, 0xf7, 0xb, 0xe5, 0xfc, 0x70,
    0x0, 0xb7, 0x2f, 0x57, 0xd2, 0x20, 0x0, 0xb7,
    0x9a, 0xef, 0xff, 0xf1, 0x0, 0x0, 0x0, 0x0,
    0x0, 0x0,

    /* U+64CD "操" */
    0x2, 0xf1, 0xf, 0xff, 0xff, 0x30, 0x16, 0xf5,
    0xb, 0x76, 0x4e, 0x30, 0x5e, 0xfd, 0xa, 0xbb,
    0x7b, 0x20, 0x2, 0xf1, 0x9d, 0xe8, 0xfc, 0xf2,
    0x2, 0xff, 0xbc, 0xd9, 0xf8, 0xf2, 0x9, 0xf7,
    0x45, 0x54, 0x64, 0x50, 0x2d, 0xf0, 0x89, 0x9f,
    0xb9, 0x92, 0x5f, 0xf0, 0x8f, 0xcf, 0xce, 0xa2,
    0x2, 0xf0, 0x5e, 0x7e, 0x8f, 0xa1, 0x2, 0xf0,
    0xba, 0xe, 0x64, 0xf2, 0x0, 0x0, 0x0, 0x0,
    0x0, 0x10,

    /* U+6539 "改" */
    0x0, 0x0, 0x0, 0x0, 0x0, 0x0, 0x1f, 0xff,
    0xe1, 0xf7, 0x22, 0x20, 0x4, 0x48, 0xe6, 0xff,
    0xff, 0xf0, 0x0, 0x5, 0xec, 0xb3, 0x3f, 0x70,
    0x4, 0x59, 0xe0, 0xb4, 0xf, 0x40, 0xd, 0xff,
    0xd0, 0xf8, 0x6f, 0x30, 0xd, 0x50, 0x0, 0xad,
    0xea, 0x0, 0xe, 0x66, 0xa0, 0x4b, 0xe5, 0x0,
    0xe, 0xff, 0xf0, 0xe8, 0xff, 0x40, 0x3f, 0x75,
    0x25, 0xc4, 0x1b, 0x80, 0x7f, 0x10, 0xb, 0xa0,
    0x6, 0xf0, 0x0, 0x0, 0x0, 0x0, 0x0, 0x10,

    /* U+654F "敏" */
    0xc, 0xc4, 0x44, 0x2d, 0x40, 0x0, 0x6f, 0xff,
    0xfe, 0x7f, 0xdb, 0xc4, 0x6e, 0x65, 0x55, 0x17,
    0x79, 0xf2, 0x9, 0xec, 0xcf, 0x4b, 0x95, 0xe0,
    0xa, 0x9e, 0x5f, 0x5b, 0x99, 0xd0, 0x3f, 0xff,
    0xff, 0xc7, 0xce, 0x60, 0x9, 0x8d, 0x4f, 0x47,
    0xbf, 0x60, 0x9, 0xed, 0xdf, 0xaa, 0xa9, 0xe0,
    0x3, 0x55, 0x6f, 0x7c, 0x84, 0xe1, 0x0, 0x0,
    0x1f, 0x5f, 0x40, 0xe6, 0x0, 0x0, 0x0, 0x0,
    0x0, 0x0,

    /* U+6587 "文" */
    0x0, 0x0, 0xcf, 0x0, 0x0, 0xa, 0xff, 0xff,
    0xff, 0xff, 0xf0, 0x35, 0x55, 0x55, 0x5f, 0xc5,
    0x0, 0x6d, 0x40, 0x1, 0xfa, 0x0, 0x6, 0xed,
    0x72, 0xfa, 0x0, 0x0, 0x2, 0xfd, 0xbc, 0x60,
    0x0, 0x0, 0x1, 0x7f, 0x50, 0x0, 0x0, 0x0,
    0xfc, 0x5f, 0x90, 0x0, 0x7, 0xbb, 0x71, 0xac,
    0xb0, 0x0, 0xaf, 0x10, 0x0, 0xaf, 0x10,

    /* U+65B0 "新" */
    0x0, 0x0, 0x0, 0x0, 0x0, 0x0, 0x4, 0x5f,
    0x74, 0x1e, 0xff, 0xf2, 0x1f, 0xff, 0xff, 0x5f,
    0x53, 0x30, 0x2, 0xe3, 0xc8, 0xf, 0x30, 0x0,
    0x1a, 0xfa, 0xfd, 0x4f, 0xba, 0xa3, 0x18, 0x8f,
    0xa7, 0x3f, 0x9a, 0x82, 0xe, 0xef, 0xff, 0x4f,
    0x4e, 0x40, 0x6, 0x6f, 0x97, 0x1f, 0x4e, 0x40,
    0xa, 0xaf, 0xae, 0xf, 0x4e, 0x50, 0x4f, 0x2f,
    0x5d, 0x9e, 0x2e, 0x50, 0x4, 0xe, 0x42, 0x7e,
    0xe, 0x50, 0x0, 0x0, 0x0, 0x0, 0x0, 0x0,

    /* U+65B9 "方" */
    0x0, 0x0, 0x9f, 0x20, 0x0, 0x5, 0xff, 0xff,
    0xff, 0xff, 0xf0, 0x26, 0x6d, 0xb6, 0x66, 0x66,
    0x0, 0x0, 0xb9, 0x11, 0x11, 0x0, 0x0, 0xb,
    0xff, 0xff, 0xf3, 0x0, 0x4, 0xe5, 0x44, 0x5f,
    0x30, 0x0, 0x9c, 0x0, 0x1, 0xf3, 0x0, 0x2f,
    0x40, 0x0, 0x1f, 0x30, 0x8, 0x70, 0x0, 0x1,
    0xf3, 0x0, 0xf6, 0x0, 0x0, 0x1f, 0x30,

    /* U+65F6 "时" */
    0x17, 0x77, 0x71, 0x0, 0xf, 0x30, 0x2b, 0xbb,
    0xf3, 0x0, 0xf, 0x30, 0x3f, 0x11, 0xf9, 0xff,
    0xff, 0xf7, 0x3f, 0x11, 0xf5, 0x44, 0x4f, 0x72,
    0x3f, 0x99, 0xf3, 0x75, 0xf, 0x30, 0x3f, 0xbb,
    0xf3, 0xec, 0x1f, 0x30, 0x3f, 0x11, 0xf3, 0x5f,
    0x3f, 0x30, 0x3f, 0x21, 0xf3, 0x0, 0xf, 0x30,
    0x3f, 0xfb, 0xf3, 0x0, 0xf, 0x30, 0x3, 0x32,
    0x30, 0x0, 0xf, 0x30,

    /* U+662F "是" */
    0x5, 0xff, 0xff, 0xff, 0xe0, 0x4, 0xd5, 0x55,
    0x58, 0xe0, 0x4, 0xff, 0xff, 0xff, 0xe0, 0x4,
    0xf9, 0x95, 0x7b, 0xe0, 0x2, 0x99, 0x95, 0x79,
    0x80, 0xef, 0xff, 0xff, 0xff, 0xf8, 0x33, 0x68,
    0x3f, 0xa8, 0x82, 0x4, 0xbe, 0xf, 0xee, 0xe0,
    0x3d, 0xb3, 0x3f, 0x63, 0x32, 0xac, 0x5f, 0xff,
    0xff, 0xfc, 0x0, 0x0, 0x0, 0x0, 0x0,

    /* U+663E "显" */
    0x0, 0x0, 0x0, 0x0, 0x0, 0x0, 0x1, 0xff,
    0xff, 0xff, 0xff, 0x20, 0x1, 0xd5, 0x44, 0x44,
    0x5f, 0x20, 0x1, 0xff, 0xff, 0xff, 0xff, 0x20,
    0x1, 0xf5, 0x44, 0x33, 0x5f, 0x20, 0x1, 0xff,
    0xff, 0xbd, 0xff, 0x20, 0x2, 0x40, 0xa4, 0x3a,
    0x7, 0x40, 0x6, 0xf3, 0xd6, 0x5e, 0x4e, 0x80,
    0x0, 0xaa, 0xd6, 0x5e, 0x8c, 0x0, 0x3, 0x44,
    0xe8, 0x7e, 0x33, 0x30, 0xf, 0xff, 0xff, 0xff,
    0xff, 0xf0,

    /* U+66F4 "更" */
    0x0, 0x0, 0x0, 0x0, 0x0, 0xef, 0xff, 0xff,
    0xff, 0xf7, 0x36, 0x66, 0xcb, 0x66, 0x61, 0x4f,
    0xff, 0xff, 0xff, 0xf0, 0x3b, 0x77, 0xdc, 0x79,
    0xf0, 0x4f, 0x88, 0xdc, 0x89, 0xf0, 0x4f, 0xff,
    0xff, 0xff, 0xf0, 0x3, 0xc3, 0xaa, 0x11, 0x10,
    0x2, 0xbf, 0xe6, 0x20, 0x0, 0x2, 0xbd, 0xce,
    0xe5, 0x21, 0xe, 0x91, 0x0, 0x2f, 0xf9, 0x0,
    0x0, 0x0, 0x0, 0x0,

    /* U+6700 "最" */
    0x0, 0xef, 0xff, 0xff, 0xfd, 0x0, 0x0, 0x77,
    0x66, 0x66, 0x9d, 0x0, 0x0, 0xda, 0x99, 0x89,
    0xbd, 0x0, 0x0, 0xce, 0xee, 0x7d, 0xec, 0x0,
    0xa, 0xaa, 0xaa, 0xaa, 0xaa, 0xa4, 0x5, 0xf6,
    0x6f, 0x79, 0x99, 0x62, 0x0, 0xfe, 0xef, 0x7c,
    0xcd, 0xc2, 0x0, 0xfb, 0xbf, 0x5d, 0x1e, 0x91,
    0x3, 0xf3, 0x4f, 0x3b, 0xfc, 0x30, 0xa, 0xff,
    0xff, 0x6f, 0x2b, 0xa0, 0x0, 0x0, 0x5, 0x0,
    0x0, 0x0,

    /* U+6709 "有" */
    0x4, 0x44, 0xe9, 0x44, 0x44, 0x41, 0x1f, 0xff,
    0xff, 0xff, 0xff, 0xf4, 0x0, 0xa, 0xb4, 0x0,
    0x0, 0x0, 0x3, 0xae, 0xd5, 0xcc, 0xcc, 0x20,
    0x3a, 0xd2, 0xf5, 0x88, 0x8f, 0x30, 0x7e, 0x1,
    0xfd, 0xcc, 0xcf, 0x30, 0x0, 0x1, 0xf8, 0x66,
    0x7f, 0x30, 0x0, 0x1, 0xff, 0xff, 0xff, 0x30,
    0x0, 0x1, 0xf7, 0x55, 0x5f, 0x30, 0x0, 0x1,
    0xf3, 0x0, 0x1f, 0x30,

    /* U+672C "本" */
    0x0, 0x0, 0x9, 0xa0, 0x0, 0x0, 0x2, 0x44,
    0x4b, 0xb4, 0x44, 0x10, 0x8, 0xee, 0xef, 0xfe,
    0xee, 0x50, 0x0, 0x0, 0xae, 0xfb, 0x0, 0x0,
    0x0, 0xb, 0xfd, 0xdf, 0x70, 0x0, 0x0, 0x9f,
    0x79, 0xa7, 0xf7, 0x0, 0x7, 0xf7, 0x9, 0xa0,
    0x8f, 0x70, 0x6f, 0x63, 0x3a, 0xb3, 0x28, 0xf6,
    0x38, 0xe, 0xff, 0xff, 0x80, 0x73, 0x0, 0x0,
    0x9, 0xa0, 0x0, 0x0, 0x0, 0x0, 0x5, 0x60,
    0x0, 0x0,

    /* U+673A "机" */
    0x0, 0x5e, 0x0, 0x88, 0x88, 0x0, 0x14, 0x7f,
    0x42, 0xfa, 0x9f, 0x10, 0x5f, 0xff, 0xf4, 0xf4,
    0x2f, 0x10, 0x4, 0xbf, 0x41, 0xf4, 0x2f, 0x10,
    0x1c, 0xff, 0xb3, 0xf4, 0x2f, 0x10, 0x8f, 0x9e,
    0xb7, 0xf3, 0x2f, 0x10, 0xe9, 0x5e, 0x5, 0xf1,
    0x2f, 0x10, 0x10, 0x5e, 0xb, 0xc0, 0x2f, 0x10,
    0x0, 0x5e, 0x3f, 0x50, 0x2f, 0x41, 0x0, 0x5e,
    0x7c, 0x0, 0x2f, 0xf7,

    /* U+677F "板" */
    0x0, 0x0, 0x0, 0x0, 0x0, 0x0, 0x0, 0x5d,
    0x7, 0xff, 0xff, 0xe0, 0x4, 0x8d, 0x47, 0xd3,
    0x33, 0x20, 0x2e, 0xef, 0xe7, 0xc0, 0x0, 0x0,
    0x3, 0xbe, 0x47, 0xff, 0xff, 0xb0, 0xa, 0xff,
    0xb8, 0xd3, 0x3a, 0xb0, 0x3f, 0xdd, 0xea, 0xcb,
    0x9f, 0x70, 0x7e, 0x6d, 0x7, 0xc9, 0xbd, 0x30,
    0x0, 0x5d, 0xa, 0xb3, 0xcb, 0x20, 0x0, 0x5d,
    0x1f, 0x8a, 0xbe, 0xa1, 0x0, 0x5d, 0x2e, 0x4f,
    0x31, 0xf3, 0x0, 0x0, 0x0, 0x0, 0x0, 0x0,

    /* U+67E5 "查" */
    0x1, 0x11, 0xb8, 0x11, 0x10, 0xaf, 0xff, 0xff,
    0xff, 0xfa, 0x5, 0xbf, 0xb9, 0xfb, 0x50, 0xde,
    0xb0, 0xb8, 0x1c, 0xed, 0x8, 0xff, 0xff, 0xff,
    0xc0, 0x4, 0x98, 0x88, 0x8b, 0xc0, 0x6, 0xd9,
    0x98, 0x8c, 0xc0, 0x6, 0xff, 0xfb, 0xbf, 0xc0,
    0x12, 0x22, 0x22, 0x22, 0x22, 0xaf, 0xff, 0xff,
    0xff, 0xfd, 0x0, 0x0, 0x0, 0x0, 0x0,

    /* U+6821 "校" */
    0x0, 0x0, 0x0, 0x0, 0x0, 0x0, 0x0, 0x6c,
    0x0, 0x5, 0xe2, 0x0, 0x4, 0x8d, 0x48, 0xcd,
    0xfd, 0xc4, 0x2e, 0xff, 0xe4, 0xa9, 0x6b, 0x82,
    0x4, 0xbe, 0x55, 0xeb, 0xf, 0xb2, 0xc, 0xff,
    0xcc, 0xd0, 0x1, 0xf6, 0x3f, 0xbc, 0xc5, 0x9b,
    0xf, 0x70, 0x5c, 0x6c, 0x0, 0x5a, 0xe8, 0x20,
    0x0, 0x6c, 0x0, 0x7f, 0x8f, 0x50, 0x0, 0x6c,
    0x3, 0xb7, 0x18, 0x91, 0x0, 0x6c, 0x8, 0xf0,
    0x2, 0xf5, 0x0, 0x0, 0x0, 0x0, 0x0, 0x10,

    /* U+68C0 "检" */
    0x0, 0x6d, 0x0, 0x9, 0xf3, 0x0, 0x15, 0x9e,
    0x50, 0x8b, 0xad, 0x40, 0x17, 0xae, 0x7d, 0xc3,
    0x5, 0xe7, 0x8, 0xff, 0x66, 0xbf, 0xff, 0x73,
    0x1e, 0xee, 0xe3, 0x25, 0x55, 0x10, 0x6f, 0xcd,
    0xb7, 0x98, 0xc4, 0xf1, 0x8e, 0x6d, 0x8, 0xf9,
    0xe7, 0xf1, 0x25, 0x6d, 0x0, 0x2, 0x5d, 0x60,
    0x0, 0x5d, 0x2, 0x34, 0x6f, 0x41, 0x0, 0x5d,
    0xb, 0xff, 0xff, 0xf6, 0x0, 0x0, 0x0, 0x0,
    0x0, 0x0,

    /* U+6A21 "模" */
    0x0, 0x0, 0x0, 0x0, 0x0, 0x0, 0x0, 0x7b,
    0xf, 0xff, 0xff, 0xf4, 0x2, 0x8c, 0x38, 0xeb,
    0x8f, 0x71, 0x9, 0xce, 0x8a, 0xff, 0xff, 0xf0,
    0x4, 0xef, 0x57, 0x97, 0x78, 0xf0, 0xf, 0xfe,
    0xdb, 0xca, 0x89, 0xf0, 0x6f, 0xac, 0x68, 0xce,
    0xba, 0xc0, 0x4b, 0x7b, 0x1c, 0xce, 0xec, 0xc4,
    0x0, 0x7b, 0x5, 0x6f, 0x9a, 0x51, 0x0, 0x7b,
    0x2, 0xf9, 0x6e, 0x30, 0x0, 0x7b, 0xd, 0x81,
    0x2, 0xf1, 0x0, 0x0, 0x0, 0x0, 0x0, 0x0,

    /* U+6B63 "正" */
    0x25, 0x55, 0x55, 0x55, 0x54, 0x7f, 0xff, 0xff,
    0xff, 0xfa, 0x0, 0x0, 0x3f, 0x20, 0x0, 0x1,
    0x20, 0x3f, 0x20, 0x0, 0x8, 0xd0, 0x3f, 0xff,
    0xf2, 0x8, 0xd0, 0x3f, 0x76, 0x60, 0x8, 0xd0,
    0x3f, 0x20, 0x0, 0x8, 0xd0, 0x3f, 0x20, 0x0,
    0x4a, 0xd4, 0x6f, 0x64, 0x44, 0xff, 0xff, 0xff,
    0xff, 0xff,

    /* U+6C60 "池" */
    0x0, 0x0, 0x0, 0x0, 0x0, 0x0, 0xd, 0xa2,
    0x4f, 0xe, 0x50, 0x0, 0x6, 0xe8, 0x5f, 0x2f,
    0x85, 0x50, 0x27, 0x21, 0xff, 0xff, 0xee, 0xe0,
    0x5f, 0x90, 0x6f, 0xe, 0x55, 0xe0, 0x7, 0xf1,
    0x4f, 0xe, 0x55, 0xe0, 0x0, 0x0, 0x4f, 0xe,
    0x55, 0xe0, 0x0, 0xca, 0x4f, 0xe, 0x55, 0xe0,
    0x3, 0xe8, 0x4f, 0xd, 0x40, 0x0, 0x1a, 0xb0,
    0x4f, 0x33, 0x33, 0x31, 0x3f, 0x40, 0x4f, 0xff,
    0xff, 0xf4, 0x2, 0x0, 0x0, 0x0, 0x0, 0x0,

    /* U+6CA1 "没" */
    0x9, 0xf2, 0x2f, 0xef, 0xff, 0x0, 0x5, 0xcf,
    0x4f, 0x66, 0x9f, 0x0, 0x5, 0x66, 0x3f, 0x0,
    0x4f, 0x81, 0xf, 0xb4, 0x1c, 0x0, 0x3b, 0xb2,
    0x0, 0xfa, 0x2f, 0xff, 0xff, 0xc0, 0x0, 0x12,
    0x18, 0x85, 0x9e, 0xd0, 0x0, 0x9f, 0x2a, 0xb4,
    0xfc, 0x50, 0x3, 0xeb, 0x15, 0xcf, 0xa5, 0x0,
    0xb, 0xd3, 0x5a, 0xf6, 0xfd, 0x70, 0x1f, 0x60,
    0xaf, 0x70, 0x7c, 0xf0, 0x0, 0x0, 0x0, 0x0,
    0x0, 0x0,

    /* U+6CE2 "波" */
    0x8, 0xb4, 0x25, 0x5b, 0xc5, 0x50, 0x7, 0xed,
    0x6f, 0xff, 0xff, 0xf0, 0x7, 0x31, 0x6f, 0x8,
    0xa3, 0xf0, 0x1f, 0xc3, 0x6f, 0x3a, 0xb3, 0x40,
    0x2, 0xe4, 0x6f, 0xff, 0xff, 0xd0, 0x0, 0x33,
    0x6f, 0x47, 0x1c, 0xd0, 0x0, 0xac, 0x6f, 0x8f,
    0x7f, 0x20, 0x3, 0xe8, 0xad, 0x4d, 0xfd, 0x20,
    0xa, 0xa2, 0xe5, 0x9f, 0x9f, 0x50, 0xf, 0x64,
    0xf2, 0xf6, 0x4, 0xf2, 0x0, 0x0, 0x0, 0x0,
    0x0, 0x0,

    /* U+6D41 "流" */
    0xc, 0x70, 0x0, 0x6f, 0x40, 0x0, 0xa, 0xe8,
    0xff, 0xff, 0xff, 0xf0, 0x14, 0x64, 0xc, 0x50,
    0xb5, 0x0, 0x7f, 0x50, 0x4d, 0xa6, 0xbf, 0x50,
    0x19, 0xf1, 0x9d, 0xdd, 0xda, 0xa0, 0x1, 0x20,
    0x3d, 0x2f, 0xe, 0x40, 0x0, 0xf9, 0x4d, 0x2f,
    0xe, 0x40, 0x8, 0xe5, 0x5d, 0x2f, 0xe, 0x40,
    0x3e, 0xa1, 0xc8, 0x2f, 0xe, 0x70, 0x6f, 0x5,
    0xe0, 0x2f, 0xe, 0xf0,

    /* U+6D88 "消" */
    0xa, 0xc0, 0x4c, 0xe, 0x45, 0xc0, 0x5d, 0xd3,
    0xd7, 0xe6, 0xea, 0x3, 0x55, 0x19, 0x8f, 0x8b,
    0x50, 0xf8, 0x15, 0xff, 0xff, 0xff, 0x4, 0xf7,
    0x5e, 0x33, 0x36, 0xf0, 0x0, 0x5, 0xff, 0xff,
    0xff, 0x0, 0x8f, 0x4f, 0x55, 0x57, 0xf0, 0x5f,
    0x74, 0xff, 0xff, 0xff, 0xb, 0x91, 0x4e, 0x0,
    0x3, 0xf1, 0xe5, 0x4, 0xe0, 0x0, 0x3f,

    /* U+6DF1 "深" */
    0x1, 0x10, 0x0, 0x0, 0x0, 0x0, 0xd, 0xb2,
    0xfa, 0xff, 0xff, 0xf1, 0x4, 0xf9, 0xf6, 0xa2,
    0xa6, 0xf0, 0x19, 0x20, 0x5c, 0xf0, 0xfb, 0x40,
    0x2f, 0x60, 0x9d, 0x14, 0x1f, 0x60, 0x6, 0xf3,
    0x45, 0x4f, 0x55, 0x40, 0x0, 0x32, 0xef, 0xff,
    0xff, 0xe0, 0x0, 0xcb, 0x1d, 0xaf, 0xbd, 0x0,
    0x6, 0xf2, 0x8f, 0x2f, 0x3e, 0x80, 0x1b, 0xd1,
    0xfb, 0xf, 0x2a, 0xf1, 0x3f, 0x30, 0x30, 0xf,
    0x20, 0x30,

    /* U+6E29 "温" */
    0x1, 0x0, 0x0, 0x0, 0x0, 0x0, 0xf, 0x80,
    0x9f, 0xff, 0xff, 0x10, 0x1, 0xe6, 0x9f, 0xaa,
    0xbf, 0x10, 0x3a, 0x10, 0x8d, 0x88, 0x8f, 0x10,
    0x3e, 0xb0, 0x8f, 0xe8, 0xdf, 0x10, 0x4, 0xe0,
    0x35, 0x54, 0x55, 0x10, 0x0, 0x11, 0xff, 0xff,
    0xff, 0x80, 0x0, 0xe7, 0xf6, 0xf6, 0xda, 0x80,
    0x5, 0xd3, 0xf2, 0xf3, 0xc8, 0x80, 0x1c, 0x84,
    0xf7, 0xf8, 0xdb, 0xb0, 0x4f, 0x2a, 0xff, 0xff,
    0xff, 0xf1, 0x0, 0x0, 0x0, 0x0, 0x0, 0x0,

    /* U+6E90 "源" */
    0x0, 0x0, 0x0, 0x0, 0x0, 0x0, 0xd, 0xc1,
    0x9f, 0xff, 0xff, 0xf4, 0x6, 0xfb, 0x99, 0x25,
    0xf2, 0x20, 0x14, 0x53, 0x97, 0xdf, 0xfe, 0xe1,
    0x5f, 0x61, 0x97, 0xb7, 0x56, 0xf1, 0x17, 0xf4,
    0x97, 0xef, 0xff, 0xf1, 0x1, 0x31, 0x97, 0xea,
    0x88, 0xf1, 0x0, 0xfa, 0x97, 0x9a, 0xfb, 0xa1,
    0x7, 0xf6, 0xc7, 0xc8, 0xf8, 0xd0, 0x3d, 0xa3,
    0xf7, 0xc5, 0xf6, 0xd3, 0x4e, 0x17, 0xe6, 0xc1,
    0xf3, 0xb7,

    /* U+7075 "灵" */
    0x3f, 0xff, 0xff, 0xff, 0xf2, 0x6, 0x66, 0x66,
    0x67, 0xf2, 0xf, 0xff, 0xff, 0xff, 0xf2, 0x15,
    0x55, 0x55, 0x56, 0xf2, 0x4f, 0xff, 0xff, 0xff,
    0xf2, 0x4, 0x30, 0xa4, 0x4, 0x40, 0xc, 0x91,
    0xe8, 0x1b, 0x90, 0x0, 0x3f, 0x9f, 0xc4, 0x0,
    0x26, 0xf9, 0x24, 0xcf, 0x93, 0x5f, 0x40, 0x0,
    0x4, 0xe9, 0x0, 0x0, 0x0, 0x0, 0x0,

    /* U+70B9 "点" */
    0x0, 0x0, 0xb9, 0x44, 0x41, 0x0, 0x0, 0xcf,
    0xff, 0xf5, 0x1, 0x11, 0xc7, 0x11, 0x10, 0xf,
    0xff, 0xff, 0xff, 0xf1, 0x9, 0x52, 0x22, 0x25,
    0xf1, 0xe, 0x70, 0x0, 0x3, 0xf1, 0xe, 0xff,
    0xfe, 0x9f, 0xf1, 0x4, 0x44, 0x44, 0x24, 0x40,
    0xc9, 0x1d, 0x84, 0xd3, 0x9d, 0xfb, 0x1e, 0x95,
    0xe4, 0xae,

    /* U+70ED "热" */
    0x8, 0xb0, 0x6, 0xd0, 0x0, 0xb, 0xee, 0x9a,
    0xef, 0xec, 0x0, 0x4a, 0xc3, 0x59, 0xe5, 0xe0,
    0x0, 0x8f, 0xbd, 0xfc, 0x3e, 0x0, 0x6f, 0xd5,
    0x4f, 0xfb, 0xe0, 0xf, 0xfb, 0x1a, 0xe3, 0x6e,
    0x20, 0x18, 0xb5, 0xf3, 0x3, 0xff, 0x10, 0x7a,
    0x14, 0x10, 0x2, 0x20, 0xb8, 0xb, 0x70, 0xb6,
    0x6b, 0x1f, 0xb1, 0xfb, 0xf, 0x88, 0xf1, 0x0,
    0x0, 0x0, 0x0, 0x0, 0x0,

    /* U+7248 "版" */
    0x0, 0x1, 0x0, 0x0, 0x0, 0x0, 0xd, 0x3e,
    0x45, 0xff, 0xff, 0xf0, 0xe, 0x4e, 0x45, 0xf3,
    0x33, 0x30, 0xe, 0x8f, 0x86, 0xf3, 0x33, 0x20,
    0xe, 0xed, 0xd8, 0xff, 0xff, 0xd0, 0xe, 0x40,
    0x5, 0xf1, 0x26, 0xd0, 0xe, 0xff, 0x85, 0xf6,
    0xeb, 0x90, 0xe, 0x6b, 0x95, 0xf1, 0x9d, 0x30,
    0xe, 0x4a, 0x95, 0xf1, 0xfd, 0x90, 0xf, 0x4a,
    0x9b, 0x94, 0xd6, 0xa0, 0x2f, 0x4a, 0x9e, 0x8c,
    0xa2, 0xf2, 0x1, 0x0, 0x0, 0x0, 0x0, 0x10,

    /* U+7259 "牙" */
    0x0, 0x0, 0x0, 0x0, 0x0, 0x4f, 0xff, 0xff,
    0xff, 0xfa, 0x15, 0x64, 0x44, 0x9e, 0x42, 0x8,
    0xe0, 0x0, 0x7d, 0x0, 0x2f, 0xa2, 0x22, 0x8d,
    0x22, 0x7f, 0xff, 0xff, 0xff, 0xfe, 0x12, 0x39,
    0xf3, 0x9d, 0x22, 0x0, 0x7f, 0x50, 0x7d, 0x0,
    0x16, 0xf8, 0x0, 0x7d, 0x0, 0x3f, 0x50, 0x0,
    0x7d, 0x0, 0x2, 0x0, 0x0, 0x7d, 0x0,

    /* U+72B6 "状" */
    0x0, 0x3f, 0x0, 0xd, 0x27, 0x40, 0x16, 0x4f,
    0x0, 0x1f, 0x3b, 0x60, 0x3f, 0x6f, 0x49, 0x9f,
    0xa9, 0x90, 0x0, 0x3f, 0x48, 0x9f, 0x98, 0x80,
    0x4, 0xff, 0x0, 0x1f, 0x30, 0x0, 0x2b, 0x9f,
    0x0, 0xcc, 0x84, 0x0, 0x3c, 0x5f, 0x1, 0xf8,
    0xea, 0x10, 0x0, 0x3f, 0x6, 0xf1, 0xf, 0x60,
    0x0, 0x3f, 0x3c, 0x70, 0x7, 0xb1, 0x0, 0x3f,
    0x7f, 0x0, 0x4, 0xf3,

    /* U+7387 "率" */
    0x0, 0x0, 0x0, 0x0, 0x0, 0x3, 0x55, 0x5c,
    0xb5, 0x55, 0x30, 0xbe, 0xef, 0xff, 0xff, 0xfb,
    0x5, 0x82, 0x9d, 0x57, 0x28, 0x40, 0x3b, 0xae,
    0xee, 0x5c, 0xb4, 0x2, 0xaa, 0x7f, 0x6d, 0x8a,
    0x30, 0x8c, 0x6f, 0xff, 0xf5, 0xca, 0x4, 0x44,
    0x59, 0xb5, 0x33, 0x30, 0xef, 0xff, 0xff, 0xff,
    0xff, 0x10, 0x0, 0x8, 0xc0, 0x0, 0x0, 0x0,
    0x0, 0x8c, 0x0, 0x0, 0x0, 0x0, 0x0, 0x0,
    0x0, 0x0,

    /* U+73AF "环" */
    0x0, 0x0, 0x0, 0x0, 0x0, 0x0, 0x1d, 0xdd,
    0xba, 0xff, 0xff, 0xf1, 0x5, 0xf9, 0x41, 0x28,
    0xe2, 0x20, 0x0, 0xe6, 0x0, 0x1e, 0xe0, 0x0,
    0x5, 0xf9, 0x30, 0xcf, 0xf3, 0x10, 0xc, 0xfe,
    0x74, 0xf9, 0xfc, 0x80, 0x0, 0xe6, 0xc, 0x94,
    0xf5, 0xf2, 0x0, 0xe8, 0x49, 0x33, 0xf0, 0xe7,
    0x4, 0xff, 0xe0, 0x3, 0xf0, 0x0, 0xf, 0xa3,
    0x0, 0x3, 0xf0, 0x0, 0x4, 0x0, 0x0, 0x3,
    0xf0, 0x0,

    /* U+7403 "球" */
    0x14, 0x45, 0x20, 0xe, 0x5a, 0x80, 0x3b, 0xfc,
    0x64, 0x4e, 0x8c, 0xb0, 0x0, 0xf4, 0x3f, 0xff,
    0xff, 0xf1, 0x2, 0xf5, 0x4, 0x2e, 0x55, 0x40,
    0x2f, 0xff, 0x4f, 0x8e, 0x8f, 0xa0, 0x1, 0xf4,
    0x2, 0x2e, 0xfa, 0x0, 0x0, 0xf3, 0x7, 0xfe,
    0x7b, 0x50, 0x3, 0xff, 0x9d, 0x6e, 0x7d, 0xc3,
    0x2a, 0xfb, 0x8d, 0x1e, 0x50, 0xe6, 0x6f, 0x0,
    0x0, 0xe, 0x50, 0x0, 0x0, 0x0, 0x0, 0x0,
    0x0, 0x0,

    /* U+7528 "用" */
    0x3f, 0x8f, 0xff, 0xff, 0xf5, 0x3f, 0x24, 0x7f,
    0x44, 0xe6, 0x3f, 0x0, 0x5e, 0x0, 0xd6, 0x3f,
    0xff, 0xff, 0xff, 0xf6, 0x3f, 0x44, 0x8f, 0x44,
    0xe6, 0x3f, 0x0, 0x5e, 0x0, 0xd6, 0x3f, 0xff,
    0xff, 0xff, 0xf6, 0x3f, 0x44, 0x8f, 0x44, 0xe6,
    0x3f, 0x0, 0x5e, 0x0, 0xd6, 0x3f, 0x0, 0x4c,
    0x0, 0xd6,

    /* U+7535 "电" */
    0x0, 0x0, 0xf3, 0x0, 0x0, 0x5f, 0xff, 0xff,
    0xff, 0xf5, 0x15, 0x55, 0xf7, 0x44, 0xe5, 0x5e,
    0x33, 0xf7, 0x33, 0xe5, 0x5f, 0xff, 0xff, 0xff,
    0xf5, 0x5e, 0x0, 0xf4, 0x0, 0xe5, 0x5e, 0x44,
    0xf8, 0x44, 0x51, 0x5f, 0xff, 0xff, 0xff, 0xf5,
    0x0, 0x0, 0xe7, 0x44, 0x42, 0x0, 0x0, 0xef,
    0xff, 0xfb,

    /* U+753B "画" */
    0xbf, 0xff, 0xff, 0xff, 0xf4, 0x24, 0x44, 0x44,
    0x44, 0x41, 0x0, 0xef, 0xff, 0xf5, 0x0, 0xd4,
    0x85, 0xf6, 0xe5, 0xc6, 0xe5, 0xf7, 0xf6, 0xe5,
    0xd6, 0xe5, 0xfd, 0xfd, 0xf5, 0xd6, 0xe5, 0xf7,
    0xf6, 0xe5, 0xd6, 0xe5, 0xde, 0xff, 0xf5, 0xd6,
    0xe7, 0x33, 0x33, 0x33, 0xe6, 0xef, 0xff, 0xff,
    0xff, 0xf6, 0x0, 0x0, 0x0, 0x0, 0x0,

    /* U+7684 "的" */
    0x1, 0x10, 0x0, 0x0, 0x0, 0x0, 0xd9, 0x0,
    0xf, 0x70, 0x0, 0x39, 0x84, 0x2a, 0xfe, 0xcc,
    0xe, 0xff, 0xf7, 0xeb, 0x89, 0xf1, 0xa3, 0xd,
    0x50, 0x0, 0x2f, 0x1e, 0x50, 0xd5, 0xfa, 0x2,
    0xf1, 0xef, 0xff, 0x54, 0xf8, 0x2f, 0x1e, 0x61,
    0xd5, 0x6, 0xf6, 0xf1, 0xe5, 0xd, 0x50, 0x17,
    0x4f, 0x1e, 0x73, 0x93, 0x0, 0x13, 0xf1, 0xef,
    0xff, 0x40, 0xe, 0xff, 0x10, 0x0, 0x0, 0x0,
    0x11, 0x10,

    /* U+76D1 "监" */
    0x1, 0x26, 0xd0, 0x2f, 0x40, 0x0, 0x8, 0xa6,
    0xd0, 0x9f, 0xdd, 0xd0, 0x8, 0xa6, 0xd3, 0xfb,
    0xfa, 0x70, 0x8, 0xa6, 0xdb, 0xd2, 0xcb, 0x10,
    0x6, 0x76, 0xd4, 0x50, 0x6f, 0x20, 0x3, 0xff,
    0xff, 0xff, 0xff, 0x30, 0x0, 0x44, 0xd9, 0x8e,
    0x4f, 0x30, 0x3, 0xf0, 0xc7, 0x5e, 0xf, 0x30,
    0x6, 0xf4, 0xd9, 0x8e, 0x4f, 0x60, 0x3f, 0xff,
    0xff, 0xff, 0xff, 0xf2,

    /* U+76D8 "盘" */
    0x0, 0x7e, 0xff, 0xee, 0xe8, 0x0, 0x0, 0x8c,
    0x49, 0x84, 0xc9, 0x0, 0x4, 0xac, 0x5c, 0xb5,
    0xcb, 0x40, 0xe, 0xff, 0xef, 0xfe, 0xff, 0xd0,
    0x0, 0x8a, 0xb, 0x80, 0xa8, 0x0, 0x0, 0x89,
    0x37, 0x63, 0x87, 0x0, 0x3, 0xff, 0xff, 0xff,
    0xff, 0x20, 0x3, 0xf0, 0xc7, 0x6d, 0x1f, 0x20,
    0x5, 0xf3, 0xd8, 0x7d, 0x4f, 0x40, 0x3f, 0xff,
    0xff, 0xff, 0xff, 0xf3, 0x0, 0x0, 0x0, 0x0,
    0x0, 0x0,

    /* U+7801 "码" */
    0x0, 0x0, 0x0, 0x11, 0x22, 0x0, 0x1f, 0xff,
    0xf7, 0xff, 0xff, 0x60, 0x2, 0xe7, 0x20, 0x21,
    0xc, 0x60, 0x4, 0xf2, 0x0, 0xe5, 0xc, 0x60,
    0xc, 0xff, 0xf3, 0xe5, 0xc, 0x60, 0x5f, 0xf4,
    0xf6, 0xff, 0xef, 0xf2, 0x27, 0xf0, 0xe4, 0x44,
    0x44, 0xf2, 0x3, 0xf0, 0xe7, 0xaa, 0xa4, 0xf2,
    0x3, 0xf1, 0xe7, 0x99, 0x95, 0xf2, 0x3, 0xfb,
    0xf4, 0x0, 0xa, 0xd0, 0x0, 0x21, 0x10, 0x0,
    0xf, 0x50,

    /* U+786E "确" */
    0x4, 0x44, 0x40, 0x9f, 0x44, 0x10, 0xa, 0xfa,
    0x98, 0xfb, 0xaf, 0x60, 0x6, 0xf2, 0xd, 0xd8,
    0xbf, 0x91, 0x1c, 0xeb, 0xb5, 0xf8, 0xf8, 0xf3,
    0x4e, 0xc4, 0xf5, 0xfd, 0xfd, 0xf3, 0x6, 0xc2,
    0xf5, 0xe5, 0xf5, 0xf3, 0x6, 0xc2, 0xf5, 0xfa,
    0xfa, 0xf3, 0x6, 0xc4, 0xf5, 0xfa, 0xf9, 0xf3,
    0x6, 0xff, 0xf5, 0xe1, 0xf0, 0xf3, 0x0, 0x0,
    0x4, 0xe1, 0xf0, 0xf3, 0x0, 0x0, 0x0, 0x20,
    0x0, 0x30,

    /* U+793A "示" */
    0xc, 0xff, 0xff, 0xff, 0xb0, 0x0, 0x34, 0x44,
    0x44, 0x42, 0x0, 0x0, 0x0, 0x0, 0x0, 0x0,
    0xa, 0xff, 0xff, 0xff, 0xff, 0x70, 0x35, 0x55,
    0x9f, 0x55, 0x52, 0x0, 0xd, 0x86, 0xe5, 0xb0,
    0x0, 0x1b, 0xe8, 0x6e, 0x5e, 0xb0, 0x9, 0xf7,
    0x6, 0xe0, 0x6e, 0xb1, 0xe9, 0x0, 0x6e, 0x0,
    0x6e, 0x10, 0x0, 0x6, 0xe0, 0x0, 0x0,

    /* U+7A0D "稍" */
    0x8, 0xef, 0xea, 0xe3, 0xf0, 0xf3, 0x3, 0x9e,
    0x84, 0xe7, 0xf9, 0xb1, 0x0, 0x4d, 0x1, 0x88,
    0xf7, 0x60, 0xa, 0xdf, 0xc9, 0xfe, 0xee, 0xf2,
    0x6, 0xae, 0x96, 0xf2, 0x23, 0xf2, 0x8, 0xff,
    0xe7, 0xff, 0xff, 0xf2, 0x1f, 0xcd, 0xa8, 0xf5,
    0x55, 0xf2, 0x7f, 0x6d, 0x4, 0xff, 0xff, 0xf2,
    0x13, 0x4d, 0x4, 0xf0, 0x0, 0xf2, 0x0, 0x4c,
    0x4, 0xf0, 0x0, 0xf2, 0x0, 0x0, 0x0, 0x0,
    0x0, 0x0,

    /* U+7B49 "等" */
    0x0, 0x0, 0x0, 0x0, 0x0, 0x0, 0x2, 0xf8,
    0x66, 0x2e, 0xb7, 0x71, 0xd, 0xce, 0xfe, 0xef,
    0xbf, 0xd3, 0xa, 0x44, 0x7a, 0xc2, 0x27, 0x0,
    0x3, 0xff, 0xff, 0xff, 0xff, 0x70, 0x2, 0x55,
    0x5f, 0x85, 0x55, 0x30, 0xb, 0xff, 0xff, 0xff,
    0xff, 0xf1, 0x1, 0x33, 0x33, 0x37, 0xe3, 0x20,
    0x6, 0xff, 0xff, 0xff, 0xff, 0x80, 0x0, 0x0,
    0x53, 0x5, 0xd0, 0x0, 0x0, 0x0, 0xd9, 0x5,
    0xd0, 0x0,

    /* U+7C7B "类" */
    0x0, 0x0, 0x0, 0x0, 0x0, 0x0, 0x9e, 0xa,
    0xa0, 0xda, 0x0, 0x5b, 0xf6, 0xcc, 0x6c, 0xb5,
    0xc, 0xef, 0xff, 0xff, 0xfd, 0xc0, 0x28, 0xeb,
    0xaa, 0xaf, 0x93, 0xd, 0xfd, 0xa, 0xa0, 0x8f,
    0xf0, 0x66, 0x44, 0xce, 0x46, 0x77, 0xf, 0xff,
    0xff, 0xff, 0xff, 0xf1, 0x1, 0x5e, 0x87, 0xf4,
    0x10, 0x4, 0x9f, 0x40, 0x13, 0xfa, 0x50, 0x9e,
    0x20, 0x0, 0x2, 0xcc, 0x0, 0x0, 0x0, 0x0,
    0x0, 0x0,

    /* U+7CFB "系" */
    0x7f, 0xff, 0xff, 0xff, 0xf1, 0x14, 0x6f, 0x94,
    0x44, 0x40, 0x0, 0xfb, 0x27, 0xe0, 0x0, 0x9,
    0xd6, 0x8c, 0xf0, 0x0, 0x1f, 0xff, 0xfa, 0x49,
    0x10, 0x25, 0xdf, 0x75, 0xaf, 0x50, 0x6e, 0xee,
    0xff, 0xef, 0xf1, 0x3, 0x92, 0xc7, 0x38, 0x40,
    0x4d, 0xf4, 0xc7, 0x8f, 0xc0, 0x5d, 0x20, 0xc7,
    0x17, 0xd1,

    /* U+7EA7 "级" */
    0x0, 0x0, 0x0, 0x0, 0x0, 0x0, 0x0, 0xe8,
    0x2f, 0xff, 0xff, 0x0, 0x6, 0xf4, 0x1c, 0xe8,
    0xaf, 0x0, 0x1a, 0xc1, 0x18, 0xd0, 0x4f, 0x10,
    0x3f, 0xde, 0x88, 0xda, 0xff, 0xf0, 0x6, 0xef,
    0x18, 0xd2, 0x36, 0xf0, 0x7, 0xd7, 0x8, 0xda,
    0xb9, 0xe0, 0x1f, 0xff, 0x88, 0xd6, 0xcf, 0x80,
    0x8, 0x88, 0x4d, 0x94, 0xdd, 0x50, 0x1f, 0xff,
    0x8f, 0x4b, 0xc8, 0xc2, 0x5, 0x55, 0x6f, 0x1f,
    0x71, 0xf4, 0x0, 0x0, 0x0, 0x0, 0x0, 0x0,

    /* U+7EBF "线" */
    0x0, 0xbc, 0x0, 0xc, 0x6a, 0xa0, 0x3, 0xd6,
    0x1, 0x4d, 0x99, 0x90, 0x8, 0xf0, 0x4, 0xff,
    0xff, 0xf0, 0x4f, 0xb7, 0xd1, 0x1d, 0x71, 0x10,
    0x8, 0xff, 0x95, 0xff, 0xff, 0xf0, 0x4, 0xb9,
    0x21, 0x3d, 0x95, 0x70, 0xd, 0xfa, 0xa3, 0x9,
    0xf8, 0xe0, 0xc, 0xcc, 0xc3, 0x4, 0xde, 0x40,
    0x5, 0x55, 0x51, 0x6d, 0xde, 0xc2, 0xf, 0xff,
    0xf4, 0xa9, 0x22, 0xf6,

    /* U+7EDC "络" */
    0x0, 0x0, 0x0, 0x0, 0x0, 0x0, 0x0, 0xd8,
    0x1, 0xfb, 0x44, 0x30, 0x5, 0xf4, 0x1b, 0xea,
    0xbd, 0xc0, 0x1c, 0xb2, 0x5e, 0xfb, 0x5f, 0x80,
    0x1e, 0xce, 0x80, 0x6d, 0xfa, 0x0, 0x5, 0xee,
    0x46, 0xdc, 0xaf, 0x71, 0x6, 0xe5, 0xd, 0x72,
    0x6, 0xd3, 0xc, 0xfb, 0x77, 0xee, 0xee, 0xb0,
    0x6, 0x66, 0x48, 0xb2, 0x27, 0xc0, 0xf, 0xff,
    0xa8, 0xa2, 0x17, 0xc0, 0x4, 0x44, 0x38, 0xff,
    0x9f, 0xc0, 0x0, 0x0, 0x0, 0x0, 0x0, 0x0,

    /* U+7EDF "统" */
    0x0, 0xc9, 0x0, 0xa, 0xc0, 0x0, 0x4, 0xe4,
    0xe, 0xff, 0xff, 0xf1, 0xa, 0xb1, 0x12, 0xca,
    0x5a, 0x20, 0x2f, 0x9c, 0x92, 0xf5, 0x4f, 0x30,
    0x9, 0xfe, 0x4a, 0xff, 0xfe, 0xf0, 0x7, 0xd5,
    0x1, 0xa8, 0x5b, 0x20, 0xf, 0xff, 0xb0, 0xb8,
    0x5e, 0x0, 0x5, 0x55, 0x40, 0xc6, 0x5e, 0x0,
    0x5, 0x55, 0x35, 0xe2, 0x5e, 0x40, 0x1f, 0xff,
    0xbc, 0x80, 0x5f, 0xf2, 0x0, 0x0, 0x0, 0x0,
    0x0, 0x0,

    /* U+7EE7 "继" */
    0x0, 0xf4, 0xa, 0x20, 0xc2, 0x0, 0x8, 0xd2,
    0xf, 0xab, 0xe8, 0xf0, 0x1c, 0x93, 0x1f, 0x65,
    0xe5, 0x70, 0x5f, 0x8f, 0x5f, 0x9f, 0xff, 0xf0,
    0xa, 0xfb, 0x1f, 0x58, 0xf9, 0x60, 0x7, 0xd4,
    0xf, 0x5e, 0xec, 0xa0, 0x1f, 0xfe, 0x5f, 0xc7,
    0xe3, 0xe3, 0x5, 0x54, 0x2f, 0x51, 0xe3, 0x30,
    0x1f, 0xff, 0x6f, 0x53, 0x33, 0x30, 0x5, 0x44,
    0x2f, 0xff, 0xff, 0xf1,

    /* U+7EED "续" */
    0x0, 0x0, 0x0, 0x0, 0x0, 0x0, 0xd, 0x80,
    0xaf, 0xff, 0xe7, 0x7, 0xe3, 0x2, 0x4c, 0xa4,
    0x21, 0xbb, 0x11, 0xde, 0xff, 0xee, 0x3f, 0xac,
    0x97, 0x98, 0x97, 0xf0, 0x6e, 0xf3, 0x6c, 0x9b,
    0x2a, 0x5, 0xc9, 0xc, 0xa7, 0xb0, 0x0, 0xdf,
    0xc8, 0xff, 0xff, 0xfe, 0x6, 0x66, 0x41, 0x8b,
    0xc9, 0x10, 0xef, 0xf9, 0x4d, 0x86, 0xc4, 0x5,
    0x55, 0x2c, 0xa0, 0x6, 0xf0, 0x0, 0x0, 0x0,
    0x0, 0x0,

    /* U+7F16 "编" */
    0x0, 0x0, 0x0, 0x0, 0x0, 0x0, 0x1, 0xf3,
    0x15, 0x5f, 0xc5, 0x50, 0x8, 0xd1, 0x4f, 0xee,
    0xee, 0xf0, 0x2d, 0x84, 0x5e, 0x34, 0x56, 0xf0,
    0x4f, 0x9f, 0x8e, 0xcf, 0xff, 0xf0, 0x9, 0xfb,
    0x5e, 0x34, 0x44, 0x40, 0x9, 0xc3, 0x4e, 0xde,
    0xef, 0xf2, 0x1f, 0xfe, 0x6e, 0xda, 0x9c, 0xd2,
    0x9, 0x99, 0x6d, 0xed, 0xde, 0xe2, 0xf, 0xff,
    0xbb, 0xe9, 0x8c, 0xc2, 0x2, 0x33, 0xf5, 0xd6,
    0x58, 0xb2,

    /* U+7F51 "网" */
    0x0, 0x0, 0x0, 0x0, 0x0, 0xef, 0xff, 0xff,
    0xff, 0xfe, 0xe8, 0x44, 0x44, 0x44, 0x8e, 0xe7,
    0x85, 0xa8, 0x6b, 0x7e, 0xe9, 0xfd, 0xcf, 0xde,
    0x7e, 0xe5, 0x6f, 0x32, 0xf5, 0x5e, 0xe5, 0x8f,
    0x18, 0xf9, 0x5e, 0xea, 0xfb, 0xff, 0xcf, 0x8e,
    0xe7, 0x63, 0x57, 0x38, 0x7e, 0xe5, 0x0, 0x0,
    0x0, 0x5e, 0xe5, 0x0, 0x0, 0x0, 0x5e, 0x0,
    0x0, 0x0, 0x0, 0x0,

    /* U+7F6E "置" */
    0x8, 0xff, 0xff, 0xff, 0xff, 0xa0, 0x6, 0x62,
    0xf2, 0x1e, 0x59, 0xa0, 0x7, 0xcc, 0xce, 0xab,
    0xcc, 0x80, 0x8, 0xbb, 0xbe, 0xdb, 0xbb, 0x90,
    0x3, 0x44, 0x4b, 0x94, 0x44, 0x30, 0x0, 0x8f,
    0xff, 0xff, 0xff, 0x0, 0x0, 0x34, 0x66, 0x66,
    0x5f, 0x0, 0x0, 0x88, 0x66, 0x66, 0x4f, 0x0,
    0x0, 0x88, 0x66, 0x66, 0x4f, 0x0, 0x2f, 0xff,
    0xff, 0xff, 0xff, 0xfa,

    /* U+80FD "能" */
    0x0, 0x10, 0x0, 0x0, 0x0, 0x8, 0xf0, 0x0,
    0xc4, 0x64, 0x7f, 0x50, 0xe7, 0xc9, 0xd8, 0xef,
    0xee, 0xd3, 0xcf, 0x60, 0x57, 0x77, 0x61, 0xc7,
    0x43, 0x7f, 0xff, 0xf8, 0xac, 0xc9, 0x7d, 0x77,
    0xc8, 0x72, 0x25, 0x7d, 0x77, 0xc8, 0xca, 0xab,
    0x7f, 0xff, 0xf8, 0xcc, 0x70, 0x7c, 0x22, 0x98,
    0xc6, 0x22, 0x7c, 0x0, 0x87, 0xbe, 0xec,

    /* U+8111 "脑" */
    0x0, 0x0, 0x0, 0x13, 0x0, 0xe, 0xff, 0xe0,
    0x7, 0xf0, 0x0, 0xe6, 0x6e, 0xce, 0xff, 0xee,
    0x4e, 0x88, 0xe3, 0x45, 0x46, 0x31, 0xef, 0xfe,
    0x4, 0xe5, 0xc2, 0xe, 0x44, 0xe9, 0x9f, 0xf7,
    0xf2, 0xed, 0xde, 0x98, 0x8c, 0x2f, 0x2e, 0x88,
    0xe9, 0xbe, 0xac, 0xf2, 0xe4, 0x4e, 0x9a, 0x62,
    0x6f, 0x2e, 0x44, 0xe9, 0xa5, 0x55, 0xf2, 0xe4,
    0x4e, 0x8d, 0xdd, 0xdd, 0x21, 0x0, 0x0, 0x0,
    0x0, 0x0,

    /* U+81EA "自" */
    0x0, 0x9f, 0x0, 0x0, 0xe, 0xff, 0xff, 0xff,
    0xf0, 0x75, 0x44, 0x44, 0x6f, 0x1e, 0x84, 0x44,
    0x46, 0xf1, 0xef, 0xff, 0xff, 0xff, 0x1e, 0x40,
    0x0, 0x2, 0xf1, 0xef, 0xff, 0xff, 0xff, 0x1f,
    0x74, 0x44, 0x46, 0xf1, 0xf7, 0x33, 0x22, 0x5f,
    0x1f, 0xff, 0xfd, 0xcf, 0xf1,

    /* U+826F "良" */
    0x6, 0x66, 0xfd, 0x66, 0x60, 0xf, 0xfe, 0xee,
    0xef, 0xf0, 0xf, 0x96, 0x66, 0x69, 0xf0, 0xf,
    0xee, 0xee, 0xee, 0xf0, 0xf, 0x96, 0x66, 0x69,
    0xf0, 0xf, 0xfe, 0xff, 0xee, 0xe0, 0xf, 0x40,
    0xcb, 0x2a, 0x60, 0xf, 0x40, 0x3c, 0xeb, 0x40,
    0x4f, 0x74, 0x44, 0xae, 0x41, 0xbf, 0xff, 0xf1,
    0x5, 0xf5, 0x0, 0x0, 0x0, 0x0, 0x10,

    /* U+8272 "色" */
    0xa, 0xef, 0xee, 0xeb, 0x0, 0x8b, 0x97, 0x66,
    0xad, 0x0, 0xeb, 0x55, 0x55, 0xae, 0x52, 0xa,
    0xff, 0xff, 0xff, 0xf6, 0xa, 0xb0, 0x3f, 0x10,
    0xe6, 0xa, 0xc5, 0x7f, 0x65, 0xf6, 0xa, 0xff,
    0xff, 0xff, 0xe5, 0xa, 0xb0, 0x0, 0x0, 0x0,
    0xa, 0xc4, 0x44, 0x44, 0x43, 0xa, 0xff, 0xff,
    0xff, 0xfb, 0x0, 0x0, 0x0, 0x0, 0x0,

    /* U+8282 "节" */
    0x0, 0xa, 0x90, 0x8, 0xa0, 0x0, 0xff, 0xff,
    0xff, 0xff, 0xff, 0x4, 0x4b, 0xb4, 0x4a, 0xc4,
    0x40, 0x46, 0x99, 0x66, 0x89, 0x61, 0x9, 0xdd,
    0xfe, 0xdd, 0xdf, 0x30, 0x0, 0xd, 0x60, 0x0,
    0xf3, 0x0, 0x0, 0xd6, 0x0, 0xf, 0x30, 0x0,
    0xd, 0x60, 0x8f, 0xf4, 0x0, 0x0, 0xc6, 0x2,
    0x50, 0x0, 0x0, 0xc, 0x60, 0x0, 0x0,

    /* U+82F1 "英" */
    0xd, 0xef, 0xfe, 0xef, 0xfe, 0xc0, 0x4, 0x5c,
    0xa8, 0x7a, 0xd5, 0x40, 0x0, 0x56, 0x6c, 0xb6,
    0x65, 0x0, 0x0, 0xdf, 0xef, 0xfe, 0xfd, 0x0,
    0x0, 0xd6, 0xa, 0x90, 0x6d, 0x0, 0x8, 0xeb,
    0x8d, 0xd8, 0xbe, 0x80, 0xc, 0xcc, 0xfd, 0xdf,
    0xcb, 0xb1, 0x0, 0x28, 0xf5, 0x6e, 0x81, 0x0,
    0x2, 0xaf, 0x20, 0x5, 0xf7, 0x20, 0x6, 0xf3,
    0x0, 0x0, 0x1f, 0x60, 0x0, 0x0, 0x0, 0x0,
    0x0, 0x0,

    /* U+83DC "菜" */
    0x0, 0x0, 0x0, 0x0, 0x0, 0x55, 0xda, 0x55,
    0xad, 0x54, 0xdd, 0xfe, 0xdd, 0xef, 0xdc, 0x15,
    0xa8, 0x55, 0x8a, 0x51, 0x2c, 0xcb, 0xcc, 0xbc,
    0xc2, 0xc, 0xb0, 0xba, 0xd, 0x90, 0x14, 0x31,
    0x89, 0x14, 0x30, 0xcf, 0xff, 0xff, 0xff, 0xfc,
    0x24, 0xae, 0x9c, 0xcc, 0x42, 0x5c, 0xd4, 0x8b,
    0x4c, 0xd5, 0xbc, 0x30, 0x8b, 0x2, 0xad,

    /* U+84DD "蓝" */
    0x4, 0x3d, 0x93, 0x3a, 0xb3, 0x30, 0xf, 0xff,
    0xff, 0xff, 0xff, 0xf0, 0x1, 0x2a, 0xc0, 0x5f,
    0x81, 0x10, 0x6, 0xd4, 0xf0, 0xef, 0xff, 0xd0,
    0x6, 0xd3, 0xf6, 0xf4, 0x8d, 0x10, 0x2, 0x53,
    0xc2, 0x60, 0x47, 0x0, 0x1, 0xff, 0xff, 0xff,
    0xff, 0x30, 0x1, 0xf4, 0xc9, 0x7e, 0x3f, 0x30,
    0x4, 0xf4, 0xb9, 0x7e, 0x2f, 0x50, 0x2f, 0xff,
    0xff, 0xff, 0xff, 0xf2, 0x0, 0x0, 0x0, 0x0,
    0x0, 0x0,

    /* U+8702 "蜂" */
    0x0, 0x77, 0x2, 0xdf, 0xff, 0x60, 0x1a, 0xdd,
    0xaa, 0xf4, 0x27, 0xa0, 0x1c, 0xdd, 0xf9, 0x8b,
    0x7d, 0x50, 0x2f, 0x89, 0xf6, 0xae, 0xfd, 0x80,
    0x2f, 0x89, 0xf9, 0xdb, 0x6c, 0xd0, 0x2f, 0xff,
    0xf3, 0xee, 0xfe, 0x90, 0x3, 0xab, 0x71, 0xbc,
    0xfb, 0x60, 0x2, 0x9a, 0xf5, 0x9a, 0xf9, 0x60,
    0x1f, 0xff, 0x95, 0xcc, 0xfb, 0xb0, 0x0, 0x0,
    0x0, 0x3, 0xf0, 0x0,

    /* U+884C "行" */
    0x0, 0xdd, 0x4, 0x99, 0x99, 0x70, 0x2f, 0xc7,
    0x6, 0xdd, 0xdd, 0xa0, 0x19, 0x4c, 0x70, 0x0,
    0x0, 0x0, 0x2, 0x9e, 0x78, 0x88, 0x88, 0x83,
    0x6b, 0xea, 0xb, 0xbb, 0xfd, 0xb4, 0x9f, 0x6f,
    0x0, 0x0, 0xf6, 0x0, 0x0, 0x6f, 0x0, 0x0,
    0xf6, 0x0, 0x0, 0x6f, 0x0, 0x0, 0xf6, 0x0,
    0x0, 0x6f, 0x0, 0x6, 0xf6, 0x0, 0x0, 0x6f,
    0x0, 0x1f, 0x80, 0x0, 0x0, 0x0, 0x0, 0x0,
    0x0, 0x0,

    /* U+8868 "表" */
    0x0, 0x44, 0x4b, 0xb4, 0x44, 0x10, 0x1f, 0xff,
    0xff, 0xff, 0xf3, 0x0, 0x89, 0x9d, 0xd9, 0x98,
    0x0, 0x6, 0x77, 0xcc, 0x77, 0x70, 0xe, 0xff,
    0xff, 0xff, 0xff, 0xf0, 0x47, 0xbf, 0x7f, 0xa6,
    0x64, 0x3, 0xcf, 0xf0, 0x5f, 0x9e, 0x1, 0xec,
    0x3f, 0x0, 0x9f, 0x80, 0x18, 0x16, 0xf3, 0x22,
    0xad, 0x20, 0x0, 0xff, 0xfc, 0x0, 0xc9,

    /* U+8981 "要" */
    0xf, 0xff, 0xff, 0xff, 0xff, 0x70, 0x47, 0x7f,
    0x78, 0xf7, 0x71, 0x7, 0xec, 0xfc, 0xcf, 0xcf,
    0x10, 0x8c, 0x9f, 0x96, 0xf9, 0xf1, 0x3, 0x68,
    0xf6, 0x36, 0x66, 0x0, 0xff, 0xff, 0xff, 0xff,
    0xfe, 0x1, 0x9d, 0x81, 0x1a, 0xf6, 0x10, 0x0,
    0x6d, 0xdd, 0xd2, 0x0, 0x2, 0x39, 0xec, 0xcf,
    0x63, 0x10, 0xaf, 0xb2, 0x0, 0x3f, 0xf7,

    /* U+89C6 "视" */
    0x0, 0xb7, 0x4, 0xea, 0xdd, 0xd1, 0x4, 0xc9,
    0x24, 0xe4, 0x67, 0xf1, 0x3f, 0xff, 0x84, 0xe3,
    0xc1, 0xf1, 0x0, 0x6e, 0x44, 0xe4, 0xf1, 0xf1,
    0x3, 0xde, 0x75, 0xe4, 0xf1, 0xf1, 0x4b, 0xef,
    0xf6, 0xe4, 0xf1, 0xf1, 0x5a, 0x7a, 0x1, 0x57,
    0xf6, 0x60, 0x0, 0x7a, 0x0, 0x4f, 0xaf, 0x0,
    0x0, 0x7a, 0x28, 0xf6, 0x5f, 0x42, 0x0, 0x7a,
    0x4e, 0x50, 0x4e, 0xe8,

    /* U+89E6 "触" */
    0x5, 0xfa, 0x82, 0x0, 0xc4, 0x0, 0x3e, 0xdb,
    0xf4, 0x24, 0xe7, 0x40, 0x4f, 0x67, 0xf6, 0x8e,
    0xfe, 0xf0, 0x9, 0xbf, 0x8f, 0x98, 0xd6, 0xf0,
    0x9, 0xff, 0xef, 0xa9, 0xd6, 0xf0, 0x9, 0x9e,
    0x5f, 0xae, 0xfd, 0xf0, 0x9, 0xaf, 0x7f, 0xaf,
    0xff, 0xf0, 0x9, 0xef, 0xdf, 0x20, 0xd6, 0x50,
    0x9, 0x7e, 0x2f, 0x32, 0xd9, 0xf1, 0x9, 0x7c,
    0x2f, 0xbf, 0xff, 0xc6, 0x0, 0x0, 0x0, 0x0,
    0x0, 0x10,

    /* U+8A00 "言" */
    0x0, 0x0, 0x0, 0x0, 0x0, 0x0, 0x0, 0xca,
    0x0, 0x0, 0x5e, 0xee, 0xff, 0xee, 0xec, 0x16,
    0x88, 0x88, 0x88, 0x83, 0x7, 0xee, 0xee, 0xee,
    0xd0, 0x3, 0x99, 0x9a, 0xaa, 0x80, 0x4, 0x99,
    0x99, 0x99, 0x90, 0x6, 0xff, 0xff, 0xff, 0xf0,
    0x2, 0x30, 0x0, 0x4, 0xf0, 0x6, 0xd3, 0x32,
    0x37, 0xf1, 0x6, 0xff, 0xfa, 0xef, 0xf1, 0x0,
    0x0, 0x0, 0x0, 0x0,

    /* U+8BA1 "计" */
    0x3, 0xf4, 0x0, 0x7, 0xe0, 0x0, 0x1, 0xac,
    0x30, 0x7, 0xe0, 0x0, 0x0, 0x2d, 0x40, 0x7,
    0xe0, 0x0, 0x3d, 0xdd, 0x4f, 0xff, 0xff, 0xfb,
    0x16, 0x79, 0x27, 0x7b, 0xf7, 0x75, 0x0, 0x6d,
    0x0, 0x7, 0xe0, 0x0, 0x0, 0x6d, 0x32, 0x7,
    0xe0, 0x0, 0x0, 0x6e, 0xec, 0x7, 0xe0, 0x0,
    0x1, 0xbf, 0xd6, 0x7, 0xe0, 0x0, 0x2, 0xf6,
    0x0, 0x7, 0xe0, 0x0,

    /* U+8BA4 "认" */
    0x4, 0xe2, 0x0, 0x1f, 0x40, 0x0, 0x2, 0xae,
    0x10, 0x1f, 0x40, 0x0, 0x3, 0x59, 0x0, 0x1f,
    0x40, 0x0, 0x1f, 0xf8, 0x0, 0x1f, 0x40, 0x0,
    0x1, 0x95, 0x0, 0x1f, 0x40, 0x0, 0x0, 0xd7,
    0x0, 0xbc, 0xf8, 0x0, 0x0, 0xdc, 0x93, 0xe5,
    0x9e, 0x20, 0x3, 0xef, 0xd9, 0xf0, 0x3e, 0x80,
    0x6, 0xd5, 0x4f, 0x60, 0x8, 0xd3, 0x0, 0x0,
    0xca, 0x0, 0x0, 0xf7, 0x0, 0x0, 0x0, 0x0,
    0x0, 0x0,

    /* U+8BAE "议" */
    0x4, 0xf3, 0x0, 0xb, 0xe0, 0x0, 0x2, 0xae,
    0x49, 0x57, 0x92, 0xf7, 0x1, 0x3d, 0x4f, 0xa0,
    0x5, 0xf5, 0xf, 0xfc, 0x7, 0xf2, 0xd, 0xc0,
    0x4, 0x99, 0x4, 0xdb, 0x9f, 0x40, 0x0, 0x8b,
    0x0, 0x9f, 0xda, 0x0, 0x0, 0x8c, 0x41, 0x9,
    0xf4, 0x0, 0x0, 0xaf, 0xf4, 0xbd, 0x9f, 0x70,
    0x3, 0xfb, 0x5a, 0xc7, 0x2a, 0xe4, 0x0, 0x41,
    0xf, 0xa0, 0x0, 0xf9, 0x0, 0x0, 0x0, 0x0,
    0x0, 0x10,

    /* U+8BBE "设" */
    0xd, 0xa0, 0x4e, 0xaf, 0xfe, 0x0, 0x7, 0xc7,
    0x5e, 0x46, 0x9e, 0x0, 0x0, 0xa8, 0x5e, 0x0,
    0x5f, 0x70, 0x7f, 0xf1, 0x3b, 0x0, 0x3b, 0xb1,
    0x1, 0xe1, 0x3f, 0xff, 0xff, 0xb0, 0x2, 0xf1,
    0x17, 0x75, 0x8e, 0xc0, 0x2, 0xfa, 0xeb, 0xd5,
    0xfa, 0x40, 0x6, 0xff, 0xc4, 0xaf, 0x83, 0x0,
    0xe, 0xd8, 0x6c, 0xe6, 0xfb, 0x60, 0x2, 0x12,
    0xfb, 0x60, 0x4b, 0xf0, 0x0, 0x0, 0x10, 0x0,
    0x0, 0x0,

    /* U+8BD1 "译" */
    0x8, 0xf0, 0x6f, 0xff, 0xff, 0x70, 0x3c, 0x91,
    0x86, 0x38, 0xf8, 0x4, 0x87, 0x8, 0xef, 0xe7,
    0x13, 0xff, 0x56, 0xcf, 0xae, 0xea, 0x2, 0x82,
    0x9e, 0xc5, 0xad, 0xf0, 0xf, 0x30, 0xef, 0xff,
    0xf1, 0x0, 0xf3, 0x3, 0x4f, 0x64, 0x0, 0x1f,
    0xf8, 0xff, 0xff, 0xf9, 0x9, 0xf8, 0x36, 0x6f,
    0x76, 0x30, 0x35, 0x0, 0x1, 0xf2, 0x0, 0x0,
    0x0, 0x0, 0x0, 0x0, 0x0,

    /* U+8BE5 "该" */
    0x5, 0xd0, 0x0, 0xd, 0xa0, 0x0, 0x4, 0xd8,
    0x6c, 0xcf, 0xec, 0xc4, 0x0, 0x7e, 0x36, 0xec,
    0x67, 0x72, 0xa, 0xa5, 0x8, 0xc5, 0x6f, 0x60,
    0x6, 0xc6, 0x6, 0x9d, 0xf5, 0x10, 0x0, 0xc7,
    0x5, 0xfb, 0x2a, 0xb0, 0x0, 0xc7, 0xf, 0x91,
    0xfb, 0x50, 0x0, 0xcf, 0xc3, 0x5e, 0x9d, 0x50,
    0x6, 0xfc, 0x93, 0x9c, 0x2e, 0xa2, 0x2, 0x50,
    0x8, 0xe0, 0x2, 0xf5, 0x0, 0x0, 0x0, 0x0,
    0x0, 0x0,

    /* U+8BE6 "详" */
    0x0, 0x0, 0x0, 0x0, 0x0, 0x0, 0x5, 0xf2,
    0x3, 0xf5, 0x9e, 0x0, 0x2, 0x99, 0x29, 0xfa,
    0xcf, 0xc0, 0x0, 0x3b, 0x14, 0x4d, 0x94, 0x30,
    0x1f, 0xf9, 0x3, 0x4d, 0x94, 0x20, 0x5, 0xa7,
    0xd, 0xff, 0xff, 0x70, 0x0, 0xa9, 0x0, 0xd,
    0x60, 0x0, 0x0, 0xa9, 0x5e, 0xef, 0xfe, 0xe1,
    0x0, 0xaf, 0xc4, 0x4d, 0x94, 0x40, 0x4, 0xfa,
    0x60, 0xd, 0x60, 0x0, 0x1, 0x51, 0x0, 0xd,
    0x60, 0x0,

    /* U+8BED "语" */
    0x8, 0xd0, 0xcf, 0xff, 0xff, 0xa0, 0x4, 0xc8,
    0x25, 0xf7, 0x55, 0x20, 0x1, 0x65, 0x5f, 0xff,
    0xff, 0x20, 0x3f, 0xf5, 0x0, 0xf4, 0xf, 0x20,
    0x0, 0xc3, 0xcf, 0xff, 0xff, 0xf1, 0x0, 0xe4,
    0x48, 0x88, 0x88, 0x60, 0x0, 0xe4, 0x4e, 0xee,
    0xef, 0x80, 0x2, 0xff, 0x6b, 0x0, 0xa, 0x80,
    0x8, 0xfc, 0x6f, 0x33, 0x1b, 0x80, 0x1, 0x20,
    0x3f, 0xff, 0x9f, 0x80, 0x0, 0x0, 0x0, 0x0,
    0x0, 0x0,

    /* U+8BF7 "请" */
    0x0, 0x0, 0x0, 0x0, 0x0, 0x0, 0x5, 0xf0,
    0x2f, 0xff, 0xff, 0xc0, 0x2, 0xac, 0x19, 0xae,
    0xca, 0x60, 0x0, 0x39, 0xb, 0xcf, 0xec, 0x70,
    0x1f, 0xf8, 0x6d, 0xdf, 0xed, 0xd1, 0x0, 0x95,
    0x4, 0x45, 0x55, 0x30, 0x0, 0xb7, 0xe, 0xdd,
    0xde, 0xa0, 0x0, 0xb7, 0xe, 0xcb, 0xbd, 0xa0,
    0x1, 0xcf, 0x9e, 0xa8, 0x8c, 0xa0, 0x5, 0xf7,
    0x3e, 0x97, 0x7b, 0xa0, 0x1, 0x30, 0xe, 0x30,
    0x8, 0xa0, 0x0, 0x0, 0x1, 0x0, 0x0, 0x0,

    /* U+8C03 "调" */
    0x0, 0x0, 0x0, 0x0, 0x0, 0x0, 0xc, 0x90,
    0xdf, 0xff, 0xff, 0xf4, 0x6, 0xd4, 0xd8, 0x4a,
    0x54, 0xf4, 0x0, 0x83, 0xd6, 0xff, 0xf4, 0xf4,
    0x5f, 0xf2, 0xd6, 0x4f, 0x71, 0xf4, 0x16, 0xc1,
    0xd7, 0xdd, 0xd5, 0xf4, 0x3, 0xf1, 0xd6, 0xdd,
    0xd4, 0xf4, 0x3, 0xf4, 0xd6, 0xf2, 0xb5, 0xf4,
    0x6, 0xfc, 0xd6, 0xfa, 0xe5, 0xf4, 0xb, 0xc4,
    0xe4, 0x77, 0x72, 0xf4, 0x0, 0x3, 0xf0, 0x0,
    0x0, 0xf4, 0x0, 0x0, 0x0, 0x0, 0x0, 0x0,

    /* U+8C37 "谷" */
    0x0, 0x18, 0xf1, 0x2f, 0x80, 0x0, 0x4, 0xcf,
    0x82, 0x29, 0xf8, 0x20, 0xb, 0xd3, 0x3e, 0xe7,
    0x4e, 0x90, 0x0, 0x58, 0xf8, 0x9f, 0xa3, 0x0,
    0xc, 0xef, 0x31, 0x3, 0xfe, 0xb0, 0xd, 0xa6,
    0x44, 0x44, 0x7b, 0xf1, 0x0, 0x8f, 0xff, 0xff,
    0xfb, 0x0, 0x0, 0x69, 0x0, 0x0, 0x6b, 0x0,
    0x0, 0x9d, 0x33, 0x33, 0x8b, 0x0, 0x0, 0x9f,
    0xff, 0xff, 0xfb, 0x0,

    /* U+8D25 "败" */
    0x0, 0x0, 0x0, 0x0, 0x0, 0x0, 0xf, 0xff,
    0xfe, 0x5f, 0x0, 0x0, 0xf, 0x65, 0x8e, 0x5f,
    0xff, 0xf2, 0xf, 0x6f, 0x7e, 0x16, 0x3c, 0x90,
    0xf, 0x6f, 0x7e, 0x2f, 0x1c, 0x70, 0xf, 0x6f,
    0x7e, 0x2f, 0x4d, 0x60, 0xf, 0x6f, 0x7e, 0x1b,
    0xdf, 0x0, 0x9, 0x5f, 0x58, 0x3, 0xe9, 0x0,
    0x2, 0xc9, 0xb4, 0xf, 0x9f, 0x50, 0x9, 0xf5,
    0xd8, 0x3d, 0x3c, 0xa0, 0x3f, 0x20, 0x5f, 0xab,
    0x3, 0xf3, 0x1, 0x0, 0x0, 0x0, 0x0, 0x0,

    /* U+8F68 "轨" */
    0x3, 0xe0, 0x0, 0x4e, 0x0, 0x0, 0x5f, 0xff,
    0xf4, 0x7f, 0x33, 0x0, 0x7, 0xf2, 0x2a, 0xff,
    0xff, 0x20, 0xd, 0x8e, 0x10, 0x4f, 0xf, 0x20,
    0x3f, 0xff, 0xf1, 0x4f, 0xf, 0x20, 0x4, 0x4f,
    0x60, 0x4f, 0xf, 0x20, 0x0, 0x1f, 0x82, 0x9d,
    0xf, 0x20, 0x3f, 0xff, 0xe6, 0xe6, 0xf, 0x20,
    0x0, 0xf, 0x28, 0xf0, 0xf, 0x50, 0x0, 0xf,
    0x2e, 0x70, 0xf, 0xf4, 0x0, 0x0, 0x0, 0x0,
    0x0, 0x0,

    /* U+8F91 "辑" */
    0x0, 0x0, 0x0, 0x0, 0x0, 0x0, 0x4, 0xf0,
    0x4, 0xff, 0xff, 0xe0, 0x5e, 0xfd, 0xd5, 0xc4,
    0x28, 0xe0, 0x18, 0xf4, 0x44, 0xee, 0x5e, 0xc0,
    0xe, 0xbf, 0x18, 0xcc, 0xcc, 0xc5, 0x2f, 0xff,
    0xe5, 0xf4, 0x47, 0xe1, 0x17, 0x8f, 0x72, 0xff,
    0xff, 0xd0, 0x3, 0x6f, 0x92, 0xfa, 0xac, 0xd0,
    0x4f, 0xef, 0xa4, 0xf8, 0x7a, 0xd1, 0x0, 0x2f,
    0x1b, 0xff, 0xff, 0xfa, 0x0, 0x2e, 0x10, 0x0,
    0x5, 0xd0,

    /* U+8F93 "输" */
    0x0, 0x0, 0x0, 0x1, 0x20, 0x0, 0x2, 0xf1,
    0x0, 0x19, 0xc3, 0x0, 0x1c, 0xfb, 0x96, 0xd8,
    0x6d, 0xa1, 0x3, 0xf0, 0x1f, 0xcf, 0xfa, 0xf5,
    0xb, 0xce, 0x1b, 0x7b, 0xb5, 0xa3, 0xf, 0xff,
    0xe8, 0xbb, 0x77, 0xa2, 0x4, 0x5f, 0x4a, 0xcd,
    0xaa, 0xe2, 0x8, 0x9f, 0x8a, 0xcc, 0xaa, 0xe2,
    0xb, 0xcf, 0xaa, 0xff, 0xaa, 0xe2, 0x0, 0x2f,
    0x1a, 0x89, 0x62, 0xe2, 0x0, 0x2f, 0x1a, 0x88,
    0x40, 0xe2, 0x0, 0x0, 0x0, 0x0, 0x0, 0x0,

    /* U+8FD0 "运" */
    0x0, 0x0, 0x0, 0x0, 0x0, 0x0, 0xc, 0xd3,
    0xf, 0xff, 0xff, 0x40, 0x3, 0xdc, 0x3, 0x33,
    0x33, 0x0, 0x0, 0x54, 0x35, 0x55, 0x56, 0x50,
    0x3f, 0xf8, 0x7d, 0xfe, 0xdc, 0xc0, 0x2, 0xc8,
    0x3, 0xf6, 0x17, 0x10, 0x0, 0xb8, 0xc, 0xc1,
    0x4f, 0x60, 0x0, 0xb8, 0x6f, 0xff, 0xfb, 0xf0,
    0x0, 0xbd, 0x80, 0x0, 0x0, 0x10, 0x9, 0xdf,
    0xe3, 0x33, 0x33, 0x30, 0xf, 0xa0, 0x6f, 0xff,
    0xff, 0xf3, 0x0, 0x0, 0x0, 0x0, 0x0, 0x0,

    /* U+8FD4 "返" */
    0x3, 0x20, 0x0, 0x0, 0x0, 0x0, 0xd, 0xd3,
    0x2f, 0xff, 0xff, 0xc0, 0x3, 0xdc, 0x2f, 0x53,
    0x33, 0x20, 0x5, 0x75, 0x2f, 0x8c, 0xcc, 0x80,
    0x1e, 0xf9, 0x2f, 0x56, 0x6c, 0xa0, 0x0, 0xb9,
    0x2f, 0x7f, 0x4f, 0x30, 0x0, 0xb9, 0x2f, 0x3c,
    0xfa, 0x0, 0x0, 0xb9, 0x7e, 0x6e, 0xaf, 0x90,
    0x0, 0xbe, 0xd7, 0x56, 0x4, 0x80, 0x8, 0xce,
    0xe3, 0x33, 0x33, 0x30, 0xe, 0xb0, 0x5f, 0xff,
    0xff, 0xf2, 0x1, 0x10, 0x0, 0x0, 0x0, 0x0,

    /* U+8FD9 "这" */
    0x2, 0x20, 0x0, 0x0, 0x0, 0x0, 0xe, 0xc4,
    0x0, 0x2f, 0x70, 0x0, 0x5, 0xeb, 0xdf, 0xff,
    0xff, 0xf1, 0x2, 0x42, 0x4f, 0x94, 0x7f, 0x70,
    0x2f, 0xf7, 0xb, 0xa2, 0x9a, 0x10, 0x1, 0xb7,
    0x3, 0xfb, 0xf6, 0x0, 0x0, 0xb7, 0x1, 0x8f,
    0xc4, 0x0, 0x0, 0xb7, 0x9, 0xf4, 0xeb, 0x30,
    0x0, 0xb7, 0x1f, 0x60, 0xe, 0x70, 0xb, 0xed,
    0xa4, 0x44, 0x44, 0x30, 0x1f, 0xae, 0xff, 0xff,
    0xff, 0xf0, 0x0, 0x0, 0x0, 0x0, 0x0, 0x0,

    /* U+8FDB "进" */
    0xae, 0x20, 0x6c, 0xa, 0x90, 0x4d, 0xc7, 0xff,
    0xff, 0xf9, 0x26, 0x51, 0x8d, 0x3b, 0xa2, 0xef,
    0x90, 0x6d, 0xa, 0x90, 0xa, 0x9a, 0xff, 0xff,
    0xfe, 0xa, 0x92, 0xad, 0x3b, 0xa3, 0xa, 0x90,
    0xc8, 0xa, 0x90, 0xa, 0xd9, 0xf3, 0xa, 0x90,
    0x8c, 0xff, 0x53, 0x37, 0x73, 0xea, 0x9, 0xff,
    0xff, 0xff, 0x11, 0x0, 0x0, 0x0, 0x0,

    /* U+8FDE "连" */
    0x0, 0x0, 0x0, 0x0, 0x0, 0x0, 0xb, 0xe6,
    0x29, 0xf9, 0x88, 0x70, 0x6, 0xed, 0x4d, 0xfd,
    0xdd, 0xc0, 0x2, 0x32, 0xa, 0xd6, 0xc0, 0x0,
    0x2f, 0xfb, 0x1d, 0xb9, 0xf4, 0x30, 0x3, 0xab,
    0x3e, 0xef, 0xfe, 0x90, 0x0, 0x9b, 0x15, 0x59,
    0xf5, 0x50, 0x0, 0x9b, 0x3b, 0xbd, 0xfb, 0xb0,
    0x0, 0x9d, 0x80, 0x6, 0xe0, 0x0, 0xa, 0xdf,
    0xf3, 0x35, 0x83, 0x31, 0xe, 0xb1, 0x6f, 0xff,
    0xff, 0xf5,

    /* U+8FF9 "迹" */
    0xf, 0xb3, 0x33, 0xaf, 0x43, 0x20, 0x7f, 0x7f,
    0xff, 0xff, 0xfa, 0x15, 0x51, 0x68, 0xe9, 0xe6,
    0x34, 0xff, 0x58, 0xac, 0x5d, 0xb4, 0x0, 0xe6,
    0xda, 0xc5, 0xdc, 0x80, 0xe, 0x9f, 0x8c, 0x5d,
    0x5f, 0x0, 0xe5, 0xb, 0x75, 0xd0, 0x0, 0xe,
    0xb5, 0x52, 0x26, 0x0, 0x8, 0xcf, 0xb3, 0x33,
    0x33, 0x20, 0xf8, 0xe, 0xff, 0xff, 0xfe, 0x0,
    0x0, 0x0, 0x0, 0x0, 0x0,

    /* U+9000 "退" */
    0x0, 0x10, 0x0, 0x0, 0x0, 0x0, 0xbc, 0x2,
    0xff, 0xff, 0xf6, 0x4, 0xdb, 0x2f, 0x98, 0x8e,
    0x60, 0x25, 0x42, 0xff, 0xff, 0xf6, 0xf, 0xfa,
    0x2f, 0xa9, 0x9f, 0x60, 0xb, 0xa2, 0xfa, 0xdc,
    0xb3, 0x0, 0xaa, 0x2f, 0x29, 0xbf, 0x20, 0xa,
    0xa3, 0xf9, 0x79, 0xc5, 0x0, 0xae, 0xbc, 0xc9,
    0xb, 0x70, 0x8d, 0xfe, 0x33, 0x33, 0x33, 0xe,
    0xb0, 0x5f, 0xff, 0xff, 0xf0, 0x0, 0x0, 0x0,
    0x0, 0x0,

    /* U+901A "通" */
    0x2, 0x0, 0x0, 0x0, 0x0, 0x6, 0xf2, 0xe,
    0xff, 0xff, 0x50, 0x28, 0xf3, 0x2f, 0xaf, 0x82,
    0x4, 0x67, 0x16, 0xaf, 0xa6, 0x50, 0x9d, 0xf3,
    0xfc, 0xfc, 0xde, 0x0, 0x1f, 0x3f, 0xcf, 0xcd,
    0xe0, 0x1, 0xf3, 0xf6, 0xf6, 0x8e, 0x0, 0x1f,
    0x3f, 0xff, 0xff, 0xe0, 0x1, 0xf3, 0xf3, 0xe4,
    0x5e, 0x5, 0xaf, 0xf8, 0x24, 0x22, 0x30, 0x9f,
    0x4a, 0xff, 0xff, 0xff, 0x30, 0x10, 0x0, 0x0,
    0x0, 0x0,

    /* U+901F "速" */
    0xe, 0xd4, 0x9a, 0xaf, 0xa9, 0x50, 0x7f, 0xaa,
    0xcc, 0xfc, 0xc6, 0x7, 0x73, 0xaf, 0xff, 0xff,
    0x61, 0xdf, 0x87, 0x81, 0xf2, 0xa6, 0x0, 0xc8,
    0xaf, 0xff, 0xff, 0x60, 0xc, 0x81, 0xda, 0xfa,
    0xd1, 0x0, 0xc8, 0xcc, 0x3f, 0x5c, 0x80, 0xc,
    0xce, 0x60, 0xf2, 0x67, 0x7, 0xce, 0xf3, 0x3c,
    0x43, 0x20, 0xea, 0x9, 0xff, 0xff, 0xfe, 0x1,
    0x0, 0x0, 0x0, 0x0, 0x0,

    /* U+90E8 "部" */
    0x2, 0x3f, 0x93, 0x2f, 0xff, 0xf5, 0xd, 0xff,
    0xff, 0xaf, 0x73, 0xe5, 0x0, 0x94, 0x77, 0xf,
    0x57, 0xe2, 0x5, 0xf9, 0xdd, 0x3f, 0x6f, 0x50,
    0x1e, 0xee, 0xee, 0xbf, 0x59, 0xc0, 0x4, 0x77,
    0x77, 0x2f, 0x52, 0xe5, 0x6, 0xaa, 0xaf, 0x5f,
    0x51, 0xe6, 0x9, 0x90, 0xf, 0x5f, 0x6a, 0xf4,
    0x9, 0xc7, 0x3f, 0x5f, 0xae, 0x0, 0x7, 0xcc,
    0x6c, 0x3f, 0x50, 0x0,

    /* U+914D "配" */
    0x0, 0x0, 0x0, 0x0, 0x0, 0x0, 0x1f, 0xff,
    0xff, 0x9b, 0xdd, 0xd2, 0x3, 0x9a, 0xd2, 0x15,
    0x66, 0xf2, 0x9, 0xdd, 0xfb, 0x40, 0x0, 0xf2,
    0x8, 0xbb, 0xdd, 0x60, 0x1, 0xf2, 0xc, 0xa8,
    0xcc, 0x6d, 0xff, 0xf2, 0xc, 0xa8, 0xee, 0x6d,
    0x72, 0x20, 0xc, 0x64, 0x6e, 0x6d, 0x50, 0x0,
    0xc, 0xff, 0xff, 0x7d, 0x50, 0x0, 0xc, 0x30,
    0xc, 0x7d, 0x73, 0x30, 0xc, 0xff, 0x8f, 0x7d,
    0xff, 0xf4,

    /* U+91CD "重" */
    0xf, 0xff, 0xff, 0xff, 0x80, 0xad, 0xdc, 0xee,
    0xcc, 0xc7, 0x37, 0x77, 0xcc, 0x77, 0x72, 0xc,
    0xcc, 0xee, 0xcc, 0xf0, 0xc, 0x98, 0xcc, 0x89,
    0xf0, 0xf, 0x76, 0xcc, 0x77, 0xf0, 0xb, 0xcc,
    0xee, 0xcc, 0xb0, 0x3d, 0xdd, 0xfe, 0xdd, 0xd3,
    0x13, 0x33, 0xa9, 0x22, 0x21, 0xef, 0xff, 0xff,
    0xff, 0xfe,

    /* U+91CF "量" */
    0x0, 0x0, 0x0, 0x0, 0x0, 0x0, 0xbe, 0xee,
    0xee, 0xed, 0x0, 0xb, 0xbb, 0xbb, 0xbb, 0xd0,
    0x0, 0xcd, 0xcb, 0x8a, 0xcd, 0x0, 0xcc, 0xcc,
    0xcc, 0xcc, 0xcc, 0x1, 0xaa, 0xaa, 0xaa, 0xa9,
    0x10, 0x8, 0x88, 0xcc, 0x88, 0xf0, 0x0, 0xea,
    0xad, 0xda, 0xaf, 0x0, 0xa, 0xcc, 0xee, 0xcc,
    0xb0, 0x0, 0xee, 0xde, 0xfd, 0xdd, 0x30, 0xad,
    0xdd, 0xef, 0xee, 0xec, 0x0,

    /* U+94FE "链" */
    0x0, 0x10, 0x0, 0x0, 0x0, 0x0, 0xa, 0xe2,
    0x5f, 0x5, 0xf8, 0x60, 0x6f, 0xdf, 0x8c, 0xbd,
    0xfe, 0xe0, 0x4a, 0x12, 0x15, 0x46, 0xdc, 0x0,
    0xd, 0xff, 0x9f, 0xbb, 0xbf, 0x30, 0x4, 0xe8,
    0x29, 0xbd, 0xef, 0xd0, 0x9, 0xfb, 0x17, 0xb3,
    0x5f, 0x30, 0x6, 0xe9, 0x17, 0xbd, 0xff, 0xf3,
    0x0, 0xe9, 0x27, 0xd5, 0x2f, 0x0, 0x9, 0xff,
    0x8a, 0xfd, 0x33, 0x30, 0x2, 0x32, 0x7f, 0x1b,
    0xff, 0xf3, 0x0, 0x0, 0x0, 0x0, 0x0, 0x0,

    /* U+952E "键" */
    0xa, 0xd0, 0x8b, 0x47, 0xf9, 0x50, 0x6e, 0xdf,
    0x5c, 0x98, 0xfb, 0xb0, 0x5b, 0x0, 0x1f, 0x6e,
    0xff, 0xf1, 0xc, 0xff, 0x7f, 0x49, 0xfb, 0xb0,
    0x1, 0xe3, 0x5c, 0x78, 0xf9, 0x50, 0xe, 0xff,
    0x9, 0x8d, 0xfd, 0x70, 0x1, 0xf3, 0xac, 0x98,
    0xf9, 0x60, 0x1, 0xf7, 0xaf, 0x9a, 0xfa, 0x70,
    0xb, 0xff, 0x5c, 0xe3, 0x43, 0x30, 0x2, 0x30,
    0xc7, 0xbf, 0xff, 0xf1, 0x0, 0x0, 0x0, 0x0,
    0x0, 0x0,

    /* U+957F "长" */
    0x0, 0xf, 0x60, 0x2, 0xa1, 0x0, 0x0, 0xf,
    0x95, 0xbf, 0xa1, 0x0, 0x0, 0xf, 0xff, 0xe4,
    0x0, 0x0, 0x0, 0xf, 0x60, 0x0, 0x0, 0x0,
    0x4f, 0xff, 0xff, 0xff, 0xff, 0xe0, 0x26, 0x6f,
    0xa6, 0xce, 0x66, 0x60, 0x0, 0xf, 0x60, 0x9c,
    0x0, 0x0, 0x0, 0xf, 0x60, 0x39, 0xf3, 0x0,
    0x0, 0x6f, 0xa6, 0x43, 0xcf, 0x40, 0x1, 0xff,
    0xff, 0xb0, 0x18, 0xf0, 0x0, 0x0, 0x0, 0x0,
    0x0, 0x20,

    /* U+95ED "闭" */
    0x21, 0x0, 0x0, 0x0, 0x0, 0xe9, 0x2e, 0xff,
    0xff, 0xff, 0x4f, 0x92, 0x33, 0x33, 0x6f, 0x16,
    0x30, 0x6, 0xd0, 0x4f, 0x9a, 0x26, 0x6a, 0xe6,
    0x4f, 0x9a, 0x4b, 0xbd, 0xfa, 0x4f, 0x9a, 0x0,
    0xda, 0xd0, 0x4f, 0x9a, 0x8, 0xc8, 0xd0, 0x3f,
    0x9a, 0x5e, 0x36, 0xd0, 0x3f, 0x9a, 0x2, 0x4,
    0x80, 0x3f, 0x9a, 0x0, 0x0, 0x0, 0x3f,

    /* U+95F4 "间" */
    0x12, 0x0, 0x0, 0x0, 0x0, 0xae, 0x2b, 0xff,
    0xff, 0xfe, 0x1d, 0xa2, 0x33, 0x33, 0x7e, 0x28,
    0x33, 0x44, 0x41, 0x4e, 0x6d, 0xd, 0xff, 0xf4,
    0x4e, 0x6d, 0xc, 0x62, 0xe4, 0x4e, 0x6d, 0xe,
    0xff, 0xf4, 0x4e, 0x6d, 0xe, 0x50, 0xe4, 0x4f,
    0x6d, 0xe, 0xff, 0xf4, 0x4f, 0x6d, 0x2, 0x22,
    0x20, 0x4f, 0x5c, 0x0, 0x0, 0x0, 0x4f,

    /* U+9608 "阈" */
    0x0, 0x0, 0x0, 0x0, 0x0, 0x1, 0xf6, 0x3f,
    0xff, 0xff, 0xfe, 0x8, 0xf6, 0x22, 0x96, 0x56,
    0xe0, 0x26, 0x21, 0x1c, 0x9e, 0x4e, 0xc, 0x6c,
    0xdd, 0xfd, 0xd6, 0xe0, 0xc6, 0x8c, 0x9c, 0x67,
    0x4e, 0xc, 0x69, 0x5c, 0xc9, 0xa4, 0xe0, 0xc6,
    0xbf, 0xc3, 0xf4, 0x4e, 0xc, 0x65, 0x65, 0xec,
    0xb4, 0xe0, 0xc6, 0xab, 0xa3, 0x4f, 0x4e, 0xc,
    0x60, 0x0, 0x0, 0x4, 0xe0, 0x0, 0x0, 0x0,
    0x0, 0x0,

    /* U+9664 "除" */
    0x1f, 0xff, 0xd0, 0x2f, 0x71, 0x0, 0x1f, 0x68,
    0xd5, 0xd8, 0xeb, 0x40, 0x1f, 0x4c, 0xbf, 0x62,
    0x2d, 0xf2, 0x1f, 0x7f, 0x56, 0xff, 0xf6, 0x71,
    0x1f, 0x39, 0xc1, 0x2e, 0x61, 0x10, 0x1f, 0x35,
    0xdc, 0xff, 0xff, 0xb0, 0x1f, 0x5c, 0xd4, 0x6e,
    0x87, 0x20, 0x1f, 0xae, 0x2a, 0xae, 0xaf, 0x70,
    0x1f, 0x30, 0x3f, 0xe, 0x53, 0xf3, 0xd, 0x20,
    0x3, 0xe, 0x50, 0x30,

    /* U+968F "随" */
    0x0, 0x0, 0x0, 0x0, 0x0, 0x0, 0x2f, 0xff,
    0xcc, 0x48, 0xe6, 0x60, 0x2f, 0x3f, 0x5f, 0xad,
    0xfc, 0xc0, 0x2f, 0x6b, 0x55, 0x3d, 0xc8, 0x60,
    0x2f, 0x89, 0xbf, 0xcf, 0xba, 0xd0, 0x2f, 0x1f,
    0x1f, 0x2a, 0xff, 0xd0, 0x2f, 0x1f, 0x1f, 0x2a,
    0xa9, 0xd0, 0x2f, 0x7f, 0x1f, 0x2a, 0xcc, 0xd0,
    0x2f, 0xa6, 0x1f, 0x8c, 0x63, 0xc0, 0x2f, 0x0,
    0x7e, 0xf7, 0x33, 0x30, 0x1e, 0x1, 0xf5, 0x3f,
    0xff, 0xf2, 0x0, 0x0, 0x10, 0x0, 0x0, 0x0,

    /* U+9700 "需" */
    0xbf, 0xff, 0xff, 0xff, 0xfb, 0x98, 0xcc, 0xee,
    0xcc, 0xc8, 0xc7, 0xb9, 0xcb, 0xba, 0xab, 0xc5,
    0x96, 0xa8, 0x97, 0x6b, 0x76, 0x87, 0x77, 0x87,
    0x67, 0xdf, 0xff, 0xff, 0xff, 0xfe, 0x3, 0x33,
    0xe6, 0x33, 0x31, 0x4f, 0xef, 0xee, 0xfe, 0xf7,
    0x4d, 0xb, 0x63, 0xe0, 0xa7, 0x4d, 0x9, 0x52,
    0xc0, 0xa6, 0x0, 0x0, 0x0, 0x0, 0x0,

    /* U+9762 "面" */
    0x7f, 0xff, 0xff, 0xff, 0xfe, 0x13, 0x33, 0x9c,
    0x33, 0x32, 0x2e, 0xee, 0xff, 0xee, 0xea, 0x4,
    0x4a, 0xa5, 0xf4, 0xab, 0xa, 0x8, 0xa6, 0xf0,
    0x8b, 0x1f, 0x18, 0xec, 0xf0, 0x8b, 0x1f, 0x18,
    0xa4, 0xf0, 0x8b, 0x1f, 0x18, 0xed, 0xf0, 0x8b,
    0x1f, 0x49, 0x94, 0xf1, 0x9b, 0x1f, 0xff, 0xff,
    0xf6, 0xfb,

    /* U+9876 "顶" */
    0x4c, 0xcc, 0xbb, 0xff, 0xff, 0xf4, 0x27, 0xeb,
    0x62, 0x37, 0xe3, 0x30, 0x0, 0xc7, 0xc, 0xff,
    0xff, 0xf0, 0x0, 0xc7, 0xd, 0x96, 0x86, 0xf0,
    0x0, 0xc7, 0xd, 0x67, 0xd3, 0xf0, 0x0, 0xc7,
    0xd, 0x67, 0xc3, 0xf0, 0x0, 0xd7, 0xc, 0x68,
    0xc2, 0xe0, 0x3, 0xf4, 0x0, 0x7f, 0x7a, 0x10,
    0x7, 0xd1, 0x18, 0xfa, 0x5f, 0x71, 0xe, 0x70,
    0x4f, 0x60, 0x1, 0xf4,

    /* U+9898 "题" */
    0xa, 0xff, 0xfc, 0x9c, 0xcc, 0xc0, 0x6, 0x86,
    0xbc, 0x58, 0xf9, 0x70, 0xa, 0xca, 0xdc, 0x8f,
    0xff, 0xc0, 0xa, 0xfb, 0xdc, 0x99, 0x86, 0xd0,
    0x6, 0x87, 0x77, 0x98, 0xf6, 0xd0, 0xf, 0xff,
    0xff, 0x98, 0xf6, 0xd0, 0x2, 0x5c, 0x96, 0x47,
    0xe7, 0x70, 0x6, 0xec, 0xfe, 0x2e, 0x7e, 0xa0,
    0x2e, 0xbd, 0x73, 0xaa, 0x44, 0xd0, 0x6f, 0xaf,
    0xff, 0xff, 0xff, 0xf2,

    /* U+989C "颜" */
    0x0, 0x0, 0x0, 0x0, 0x0, 0x0, 0x6, 0x7f,
    0xa7, 0x8f, 0xff, 0xf0, 0xa, 0xdc, 0xdc, 0x42,
    0xc7, 0x20, 0x1, 0xe8, 0xbb, 0x7f, 0xff, 0xf0,
    0xd, 0xff, 0xff, 0xbc, 0x76, 0xf0, 0xd, 0x73,
    0x97, 0x6b, 0xc8, 0xf0, 0xd, 0x8f, 0xc6, 0x6b,
    0xc8, 0xf0, 0xd, 0x77, 0xae, 0x6b, 0xc8, 0xf0,
    0xd, 0x8b, 0x89, 0x45, 0xe7, 0x70, 0x1d, 0x65,
    0x5e, 0x4c, 0xdb, 0x90, 0x5e, 0x5, 0x51, 0x8a,
    0x11, 0xe3, 0x0, 0x0, 0x0, 0x11, 0x0, 0x0,

    /* U+9A6C "马" */
    0x0, 0x0, 0x0, 0x0, 0x0, 0xd, 0xff, 0xff,
    0xff, 0x0, 0x3, 0x76, 0x44, 0x7f, 0x0, 0x0,
    0xd7, 0x0, 0x4f, 0x0, 0x4, 0xf1, 0x0, 0x4f,
    0x0, 0x9, 0xfe, 0xee, 0xef, 0xe5, 0x3, 0x56,
    0x66, 0x66, 0xf5, 0x58, 0x77, 0x77, 0x70, 0xe5,
    0x9c, 0xcc, 0xdd, 0xd0, 0xe5, 0x0, 0x0, 0x0,
    0x9, 0xf0, 0x0, 0x0, 0x0, 0xe, 0x70,

    /* U+9AD8 "高" */
    0x24, 0x44, 0xdd, 0x44, 0x43, 0x6a, 0xbb, 0xbb,
    0xbb, 0xb9, 0x0, 0xff, 0xff, 0xff, 0x90, 0x0,
    0xea, 0xa6, 0xad, 0x90, 0x0, 0x89, 0x97, 0x99,
    0x62, 0x1d, 0x8f, 0xff, 0xff, 0xfd, 0x2f, 0x9,
    0xaa, 0xa4, 0x6d, 0x2f, 0xe, 0x77, 0xc6, 0x6d,
    0x2f, 0xd, 0xff, 0xf6, 0x6d, 0x1f, 0x0, 0x0,
    0x0, 0x6d, 0x0, 0x0, 0x0, 0x0, 0x0,

    /* U+9E23 "鸣" */
    0x44, 0x44, 0x15, 0xf8, 0x52, 0xaa, 0xbe, 0x5e,
    0xaa, 0xe8, 0xf3, 0x4e, 0x5c, 0xa9, 0xb8, 0xf3,
    0x4e, 0x5c, 0x65, 0xb8, 0xf3, 0x4e, 0x5d, 0x44,
    0x54, 0xf3, 0x4e, 0x5f, 0xff, 0xff, 0xf5, 0x5f,
    0x24, 0x44, 0x3f, 0xeb, 0xae, 0xaf, 0xfd, 0x4f,
    0x0, 0x0, 0x0, 0x1, 0xce, 0x0, 0x0, 0x0,
    0x3, 0xf3,

    /* U+9ED8 "默" */
    0x0, 0x0, 0x0, 0x0, 0x0, 0x0, 0xf, 0xff,
    0xff, 0x20, 0xf5, 0x50, 0xe, 0x4f, 0x5e, 0x20,
    0xf8, 0xd0, 0xf, 0x8f, 0x9e, 0x78, 0xfa, 0x81,
    0xf, 0xff, 0xff, 0x78, 0xf9, 0x70, 0x4, 0x4f,
    0x54, 0x0, 0xf3, 0x0, 0xe, 0xff, 0xff, 0x2,
    0xf3, 0x0, 0x6, 0x7f, 0x87, 0x9, 0xdc, 0x40,
    0x2e, 0xee, 0xee, 0x4f, 0x5d, 0x80, 0x27, 0x65,
    0x78, 0x7e, 0x14, 0xd1, 0x4e, 0xba, 0xce, 0xdc,
    0x0, 0xe5, 0x0, 0x0, 0x0, 0x0, 0x0, 0x10,

    /* U+F001 "" */
    0x0, 0x0, 0x0, 0x0, 0x0, 0x12, 0x0, 0x0,
    0x0, 0x3, 0x7c, 0xff, 0x0, 0x0, 0x59, 0xef,
    0xff, 0xff, 0x0, 0xe, 0xff, 0xff, 0xff, 0xff,
    0x0, 0xf, 0xff, 0xfd, 0x84, 0x8f, 0x0, 0xf,
    0xd7, 0x20, 0x0, 0x8f, 0x0, 0xf, 0x80, 0x0,
    0x0, 0x8f, 0x0, 0xf, 0x80, 0x0, 0x0, 0x8f,
    0x0, 0xf, 0x80, 0x0, 0x7b, 0xdf, 0x2, 0x3f,
    0x80, 0x6, 0xff, 0xff, 0xaf, 0xff, 0x80, 0x2,
    0xef, 0xf9, 0xef, 0xff, 0x60, 0x0, 0x2, 0x10,
    0x29, 0xa7, 0x0, 0x0, 0x0, 0x0,

    /* U+F008 "" */
    0xb4, 0xdf, 0xff, 0xff, 0xfd, 0x4b, 0xe8, 0xe7,
    0x22, 0x22, 0x7e, 0x8e, 0xc0, 0xc5, 0x0, 0x0,
    0x6c, 0xc, 0xfc, 0xf6, 0x11, 0x11, 0x7f, 0xcf,
    0xc0, 0xcf, 0xff, 0xff, 0xfb, 0xc, 0xfc, 0xf6,
    0x11, 0x11, 0x7f, 0xcf, 0xc0, 0xc5, 0x0, 0x0,
    0x6c, 0xc, 0xe8, 0xe7, 0x22, 0x22, 0x7e, 0x8e,
    0xb4, 0xdf, 0xff, 0xff, 0xfd, 0x4b,

    /* U+F00B "" */
    0xdf, 0xf6, 0x9f, 0xff, 0xff, 0xfd, 0xff, 0xf8,
    0xcf, 0xff, 0xff, 0xff, 0xef, 0xf6, 0xaf, 0xff,
    0xff, 0xfe, 0x13, 0x20, 0x3, 0x33, 0x33, 0x31,
    0xff, 0xf7, 0xbf, 0xff, 0xff, 0xff, 0xff, 0xf8,
    0xcf, 0xff, 0xff, 0xff, 0xff, 0xf7, 0xbf, 0xff,
    0xff, 0xff, 0x13, 0x20, 0x3, 0x33, 0x33, 0x31,
    0xef, 0xf6, 0xaf, 0xff, 0xff, 0xfe, 0xff, 0xf8,
    0xcf, 0xff, 0xff, 0xff, 0xdf, 0xf6, 0xaf, 0xff,
    0xff, 0xfd,

    /* U+F00C "" */
    0x0, 0x0, 0x0, 0x0, 0x3, 0xd4, 0x0, 0x0,
    0x0, 0x0, 0x3f, 0xfe, 0x0, 0x0, 0x0, 0x3,
    0xff, 0xf4, 0x4d, 0x30, 0x0, 0x3f, 0xff, 0x40,
    0xef, 0xf3, 0x3, 0xff, 0xf4, 0x0, 0x4f, 0xff,
    0x6f, 0xff, 0x40, 0x0, 0x4, 0xff, 0xff, 0xf4,
    0x0, 0x0, 0x0, 0x4f, 0xff, 0x40, 0x0, 0x0,
    0x0, 0x3, 0xd3, 0x0, 0x0, 0x0,

    /* U+F00D "" */
    0x14, 0x0, 0x0, 0x22, 0xd, 0xf7, 0x0, 0x4f,
    0xf1, 0x9f, 0xf7, 0x4f, 0xfd, 0x0, 0xaf, 0xff,
    0xfd, 0x10, 0x0, 0xbf, 0xfe, 0x10, 0x0, 0x4f,
    0xff, 0xf7, 0x0, 0x4f, 0xfd, 0xaf, 0xf7, 0xe,
    0xfd, 0x10, 0xaf, 0xf2, 0x5b, 0x10, 0x0, 0x99,
    0x0,

    /* U+F011 "" */
    0x0, 0x0, 0x7, 0x70, 0x0, 0x0, 0x0, 0x32,
    0xf, 0xf0, 0x24, 0x0, 0x5, 0xfc, 0xf, 0xf0,
    0xcf, 0x50, 0x1f, 0xf4, 0xf, 0xf0, 0x5f, 0xf1,
    0x7f, 0x80, 0xf, 0xf0, 0x8, 0xf7, 0xbf, 0x20,
    0xf, 0xf0, 0x2, 0xfb, 0xcf, 0x10, 0xe, 0xe0,
    0x1, 0xfc, 0xaf, 0x40, 0x1, 0x10, 0x4, 0xfa,
    0x5f, 0xb0, 0x0, 0x0, 0xb, 0xf6, 0xd, 0xfa,
    0x10, 0x1, 0xaf, 0xd0, 0x2, 0xdf, 0xfc, 0xcf,
    0xfd, 0x20, 0x0, 0x8, 0xef, 0xfe, 0x91, 0x0,
    0x0, 0x0, 0x1, 0x10, 0x0, 0x0,

    /* U+F013 "" */
    0x0, 0x0, 0x14, 0x41, 0x0, 0x0, 0x0, 0x0,
    0x7f, 0xf7, 0x0, 0x0, 0x3, 0x43, 0xdf, 0xfd,
    0x34, 0x30, 0xe, 0xff, 0xff, 0xff, 0xff, 0xe0,
    0x6f, 0xff, 0xfb, 0xbf, 0xff, 0xf6, 0x1b, 0xff,
    0x70, 0x7, 0xff, 0xb1, 0x7, 0xff, 0x20, 0x2,
    0xff, 0x70, 0x1b, 0xff, 0x70, 0x7, 0xff, 0xb1,
    0x6f, 0xff, 0xfb, 0xbf, 0xff, 0xf6, 0xe, 0xff,
    0xff, 0xff, 0xff, 0xe0, 0x3, 0x42, 0xcf, 0xfc,
    0x23, 0x30, 0x0, 0x0, 0x7f, 0xf7, 0x0, 0x0,
    0x0, 0x0, 0x4, 0x41, 0x0, 0x0,

    /* U+F015 "" */
    0x0, 0x0, 0x0, 0x73, 0x3, 0x83, 0x0, 0x0,
    0x0, 0x1d, 0xff, 0x67, 0xf7, 0x0, 0x0, 0x3,
    0xee, 0x5a, 0xfe, 0xf7, 0x0, 0x0, 0x6f, 0xd3,
    0xb5, 0x7f, 0xf7, 0x0, 0x9, 0xfb, 0x3d, 0xff,
    0x85, 0xfe, 0x30, 0xbf, 0x95, 0xff, 0xff, 0xfb,
    0x3e, 0xf4, 0x76, 0x6f, 0xff, 0xff, 0xff, 0xd2,
    0xa1, 0x0, 0xcf, 0xff, 0xff, 0xff, 0xf4, 0x0,
    0x0, 0xcf, 0xfa, 0x2, 0xff, 0xf4, 0x0, 0x0,
    0xcf, 0xfa, 0x2, 0xff, 0xf4, 0x0, 0x0, 0xaf,
    0xf8, 0x1, 0xff, 0xf3, 0x0,

    /* U+F019 "" */
    0x0, 0x0, 0x27, 0x72, 0x0, 0x0, 0x0, 0x0,
    0x7f, 0xf7, 0x0, 0x0, 0x0, 0x0, 0x8f, 0xf8,
    0x0, 0x0, 0x0, 0x0, 0x8f, 0xf8, 0x0, 0x0,
    0x0, 0x0, 0x8f, 0xf8, 0x0, 0x0, 0x0, 0xdf,
    0xff, 0xff, 0xfd, 0x0, 0x0, 0x4f, 0xff, 0xff,
    0xf4, 0x0, 0x0, 0x4, 0xff, 0xff, 0x40, 0x0,
    0x23, 0x33, 0x5f, 0xf5, 0x33, 0x32, 0xff, 0xff,
    0xa4, 0x4a, 0xff, 0xff, 0xff, 0xff, 0xfc, 0xcf,
    0xff, 0xff, 0xff, 0xff, 0xff, 0xff, 0x5c, 0x8f,
    0x9a, 0xaa, 0xaa, 0xaa, 0xaa, 0xa8,

    /* U+F01C "" */
    0x0, 0x4f, 0xff, 0xff, 0xff, 0xb0, 0x0, 0x1,
    0xed, 0x88, 0x88, 0x89, 0xf8, 0x0, 0xa, 0xf2,
    0x0, 0x0, 0x0, 0xaf, 0x30, 0x5f, 0x70, 0x0,
    0x0, 0x0, 0x1e, 0xd0, 0xef, 0x88, 0x60, 0x0,
    0x28, 0x8b, 0xf6, 0xff, 0xff, 0xf3, 0x0, 0xbf,
    0xff, 0xf8, 0xff, 0xff, 0xff, 0xff, 0xff, 0xff,
    0xf8, 0xff, 0xff, 0xff, 0xff, 0xff, 0xff, 0xf7,
    0xbf, 0xff, 0xff, 0xff, 0xff, 0xff, 0xf4,

    /* U+F021 "" */
    0x0, 0x0, 0x1, 0x10, 0x0, 0x59, 0x0, 0x19,
    0xef, 0xfd, 0x70, 0x9f, 0x3, 0xef, 0xda, 0x9d,
    0xfe, 0xbf, 0xe, 0xf6, 0x0, 0x0, 0x5f, 0xff,
    0x7f, 0x70, 0x0, 0x3f, 0xff, 0xff, 0x69, 0x0,
    0x0, 0x2a, 0xaa, 0xa9, 0x0, 0x0, 0x0, 0x0,
    0x0, 0x0, 0xaa, 0xaa, 0xa2, 0x0, 0x0, 0xa6,
    0xff, 0xfe, 0xf3, 0x0, 0x7, 0xf7, 0xff, 0xf5,
    0x0, 0x0, 0x7f, 0xe0, 0xfb, 0xef, 0xd9, 0xad,
    0xfe, 0x30, 0xfa, 0x8, 0xef, 0xfe, 0x91, 0x0,
    0x95, 0x0, 0x1, 0x10, 0x0, 0x0,

    /* U+F026 "" */
    0x0, 0x0, 0x2a, 0x0, 0x2, 0xef, 0x78, 0x8e,
    0xff, 0xff, 0xff, 0xff, 0xff, 0xff, 0xff, 0xff,
    0xff, 0xff, 0xdf, 0xff, 0xff, 0x0, 0x7, 0xff,
    0x0, 0x0, 0x7f, 0x0, 0x0, 0x1,

    /* U+F027 "" */
    0x0, 0x0, 0x2a, 0x0, 0x0, 0x0, 0x2e, 0xf0,
    0x0, 0x78, 0x8e, 0xff, 0x3, 0xf, 0xff, 0xff,
    0xf0, 0xba, 0xff, 0xff, 0xff, 0x3, 0xff, 0xff,
    0xff, 0xf0, 0xaa, 0xdf, 0xff, 0xff, 0x4, 0x0,
    0x0, 0x8f, 0xf0, 0x0, 0x0, 0x0, 0x8f, 0x0,
    0x0, 0x0, 0x0, 0x10, 0x0,

    /* U+F028 "" */
    0x0, 0x0, 0x0, 0x0, 0x0, 0x0, 0x0, 0x0,
    0x0, 0x0, 0x0, 0x6, 0xd2, 0x0, 0x0, 0x0,
    0x2a, 0x0, 0x11, 0x8e, 0x10, 0x0, 0x2, 0xef,
    0x0, 0x7d, 0x2b, 0x90, 0x78, 0x8e, 0xff, 0x3,
    0xa, 0xb3, 0xf0, 0xff, 0xff, 0xff, 0xb, 0xa1,
    0xf1, 0xe3, 0xff, 0xff, 0xff, 0x3, 0xf0, 0xe3,
    0xc5, 0xff, 0xff, 0xff, 0xb, 0xa1, 0xf1, 0xe3,
    0xdf, 0xff, 0xff, 0x3, 0xa, 0xb3, 0xf0, 0x0,
    0x7, 0xff, 0x0, 0x7d, 0x2b, 0x90, 0x0, 0x0,
    0x7f, 0x0, 0x11, 0x9e, 0x10, 0x0, 0x0, 0x1,
    0x0, 0x6, 0xd2, 0x0, 0x0, 0x0, 0x0, 0x0,
    0x0, 0x0, 0x0,

    /* U+F03E "" */
    0xbf, 0xff, 0xff, 0xff, 0xff, 0xfb, 0xfd, 0x5b,
    0xff, 0xff, 0xff, 0xff, 0xf5, 0x1, 0xff, 0xff,
    0xef, 0xff, 0xfb, 0x18, 0xff, 0xf6, 0x1c, 0xff,
    0xff, 0xfc, 0xff, 0x60, 0x1, 0xdf, 0xff, 0x60,
    0x96, 0x0, 0x0, 0x8f, 0xf9, 0x0, 0x0, 0x0,
    0x0, 0x8f, 0xfc, 0x88, 0x88, 0x88, 0x88, 0xcf,
    0xbf, 0xff, 0xff, 0xff, 0xff, 0xfb,

    /* U+F043 "" */
    0x0, 0x2, 0x40, 0x0, 0x0, 0x0, 0xcf, 0x10,
    0x0, 0x0, 0x2f, 0xf7, 0x0, 0x0, 0xa, 0xff,
    0xe0, 0x0, 0x4, 0xff, 0xff, 0x80, 0x0, 0xef,
    0xff, 0xff, 0x30, 0x8f, 0xff, 0xff, 0xfc, 0xe,
    0xff, 0xff, 0xff, 0xf2, 0xf9, 0xcf, 0xff, 0xff,
    0x3d, 0xc5, 0xff, 0xff, 0xf1, 0x6f, 0xa3, 0xbf,
    0xfa, 0x0, 0x8f, 0xff, 0xfb, 0x0, 0x0, 0x26,
    0x74, 0x0, 0x0,

    /* U+F048 "" */
    0x58, 0x0, 0x0, 0x35, 0x9f, 0x10, 0x5, 0xfe,
    0x9f, 0x10, 0x6f, 0xfe, 0x9f, 0x17, 0xff, 0xfe,
    0x9f, 0x9f, 0xff, 0xfe, 0x9f, 0xff, 0xff, 0xfe,
    0x9f, 0xef, 0xff, 0xfe, 0x9f, 0x2d, 0xff, 0xfe,
    0x9f, 0x10, 0xcf, 0xfe, 0x9f, 0x10, 0xb, 0xfe,
    0x8f, 0x0, 0x0, 0x9b, 0x0, 0x0, 0x0, 0x0,

    /* U+F04B "" */
    0x46, 0x0, 0x0, 0x0, 0x0, 0xf, 0xfd, 0x40,
    0x0, 0x0, 0x0, 0xff, 0xff, 0xa1, 0x0, 0x0,
    0xf, 0xff, 0xff, 0xf7, 0x0, 0x0, 0xff, 0xff,
    0xff, 0xfd, 0x50, 0xf, 0xff, 0xff, 0xff, 0xff,
    0xb1, 0xff, 0xff, 0xff, 0xff, 0xff, 0x6f, 0xff,
    0xff, 0xff, 0xff, 0xb1, 0xff, 0xff, 0xff, 0xfd,
    0x40, 0xf, 0xff, 0xff, 0xf7, 0x0, 0x0, 0xff,
    0xff, 0xa1, 0x0, 0x0, 0xf, 0xfd, 0x40, 0x0,
    0x0, 0x0, 0x36, 0x0, 0x0, 0x0, 0x0, 0x0,

    /* U+F04C "" */
    0xaf, 0xfe, 0x30, 0xaf, 0xfe, 0x3f, 0xff, 0xf7,
    0xf, 0xff, 0xf7, 0xff, 0xff, 0x80, 0xff, 0xff,
    0x8f, 0xff, 0xf8, 0xf, 0xff, 0xf8, 0xff, 0xff,
    0x80, 0xff, 0xff, 0x8f, 0xff, 0xf8, 0xf, 0xff,
    0xf8, 0xff, 0xff, 0x80, 0xff, 0xff, 0x8f, 0xff,
    0xf8, 0xf, 0xff, 0xf8, 0xff, 0xff, 0x80, 0xff,
    0xff, 0x8f, 0xff, 0xf7, 0xf, 0xff, 0xf7, 0x48,
    0x98, 0x10, 0x48, 0x98, 0x10,

    /* U+F04D "" */
    0x48, 0x88, 0x88, 0x88, 0x88, 0x1f, 0xff, 0xff,
    0xff, 0xff, 0xf7, 0xff, 0xff, 0xff, 0xff, 0xff,
    0x8f, 0xff, 0xff, 0xff, 0xff, 0xf8, 0xff, 0xff,
    0xff, 0xff, 0xff, 0x8f, 0xff, 0xff, 0xff, 0xff,
    0xf8, 0xff, 0xff, 0xff, 0xff, 0xff, 0x8f, 0xff,
    0xff, 0xff, 0xff, 0xf8, 0xff, 0xff, 0xff, 0xff,
    0xff, 0x8f, 0xff, 0xff, 0xff, 0xff, 0xf7, 0xaf,
    0xff, 0xff, 0xff, 0xfe, 0x30,

    /* U+F051 "" */
    0x26, 0x0, 0x0, 0x58, 0x7f, 0xa0, 0x0, 0xbf,
    0x8f, 0xfb, 0x0, 0xbf, 0x8f, 0xff, 0xc1, 0xbf,
    0x8f, 0xff, 0xfd, 0xcf, 0x8f, 0xff, 0xff, 0xff,
    0x8f, 0xff, 0xff, 0xef, 0x8f, 0xff, 0xf4, 0xbf,
    0x8f, 0xff, 0x40, 0xbf, 0x8f, 0xe3, 0x0, 0xbf,
    0x5d, 0x20, 0x0, 0xae, 0x0, 0x0, 0x0, 0x0,

    /* U+F052 "" */
    0x0, 0x0, 0x3, 0x70, 0x0, 0x0, 0x0, 0x0,
    0x3f, 0xfa, 0x0, 0x0, 0x0, 0x2, 0xef, 0xff,
    0x90, 0x0, 0x0, 0x1e, 0xff, 0xff, 0xf8, 0x0,
    0x1, 0xdf, 0xff, 0xff, 0xff, 0x70, 0xc, 0xff,
    0xff, 0xff, 0xff, 0xf4, 0xd, 0xff, 0xff, 0xff,
    0xff, 0xf5, 0x1, 0x34, 0x44, 0x44, 0x44, 0x30,
    0xd, 0xff, 0xff, 0xff, 0xff, 0xf5, 0xf, 0xff,
    0xff, 0xff, 0xff, 0xf8, 0xc, 0xff, 0xff, 0xff,
    0xff, 0xf5,

    /* U+F053 "" */
    0x0, 0x0, 0x3, 0x10, 0x0, 0x5, 0xfb, 0x0,
    0x5, 0xff, 0x40, 0x5, 0xff, 0x40, 0x5, 0xff,
    0x50, 0x3, 0xff, 0x50, 0x0, 0xb, 0xfc, 0x10,
    0x0, 0xb, 0xfc, 0x10, 0x0, 0xb, 0xfc, 0x10,
    0x0, 0xc, 0xfb, 0x0, 0x0, 0xa, 0x50,

    /* U+F054 "" */
    0x3, 0x10, 0x0, 0x3, 0xfc, 0x10, 0x0, 0xb,
    0xfc, 0x10, 0x0, 0xb, 0xfc, 0x10, 0x0, 0xb,
    0xfc, 0x10, 0x0, 0xd, 0xfb, 0x0, 0x5, 0xff,
    0x50, 0x5, 0xff, 0x50, 0x5, 0xff, 0x50, 0x3,
    0xff, 0x50, 0x0, 0xa, 0x50, 0x0, 0x0,

    /* U+F067 "" */
    0x0, 0x0, 0x69, 0x10, 0x0, 0x0, 0x0, 0xd,
    0xf5, 0x0, 0x0, 0x0, 0x0, 0xef, 0x60, 0x0,
    0x0, 0x0, 0xe, 0xf6, 0x0, 0x0, 0x58, 0x88,
    0xff, 0xb8, 0x88, 0x1f, 0xff, 0xff, 0xff, 0xff,
    0xf7, 0x9b, 0xbb, 0xff, 0xdb, 0xbb, 0x30, 0x0,
    0xe, 0xf6, 0x0, 0x0, 0x0, 0x0, 0xef, 0x60,
    0x0, 0x0, 0x0, 0xe, 0xf6, 0x0, 0x0, 0x0,
    0x0, 0x9d, 0x20, 0x0, 0x0,

    /* U+F068 "" */
    0x46, 0x66, 0x66, 0x66, 0x66, 0x1f, 0xff, 0xff,
    0xff, 0xff, 0xf7, 0xad, 0xdd, 0xdd, 0xdd, 0xdd,
    0x40,

    /* U+F06E "" */
    0x0, 0x3, 0xad, 0xff, 0xc7, 0x0, 0x0, 0x0,
    0x9f, 0xe6, 0x24, 0xaf, 0xe3, 0x0, 0xb, 0xff,
    0x20, 0x77, 0x9, 0xff, 0x40, 0x7f, 0xf9, 0x0,
    0xcf, 0xa1, 0xff, 0xe1, 0xef, 0xf6, 0x7f, 0xff,
    0xf0, 0xef, 0xf7, 0x8f, 0xf9, 0x3f, 0xff, 0xc1,
    0xff, 0xe1, 0xb, 0xff, 0x26, 0xca, 0x19, 0xff,
    0x40, 0x0, 0x9f, 0xe6, 0x24, 0xaf, 0xe3, 0x0,
    0x0, 0x3, 0x9d, 0xff, 0xc7, 0x0, 0x0,

    /* U+F070 "" */
    0x32, 0x0, 0x0, 0x0, 0x0, 0x0, 0x0, 0x0,
    0xdf, 0x50, 0x0, 0x0, 0x0, 0x0, 0x0, 0x0,
    0x1c, 0xf8, 0x4a, 0xef, 0xeb, 0x50, 0x0, 0x0,
    0x0, 0x9f, 0xfd, 0x52, 0x5d, 0xfc, 0x10, 0x0,
    0x0, 0x5, 0xfe, 0x4a, 0x70, 0xcf, 0xe1, 0x0,
    0xb, 0x80, 0x2d, 0xff, 0xf7, 0x4f, 0xfb, 0x0,
    0x2f, 0xfb, 0x0, 0xaf, 0xfb, 0x2f, 0xff, 0x30,
    0xb, 0xff, 0x50, 0x7, 0xfe, 0x7f, 0xfb, 0x0,
    0x1, 0xdf, 0xc0, 0x0, 0x3e, 0xff, 0xe1, 0x0,
    0x0, 0x1b, 0xfc, 0x42, 0x1, 0xbf, 0xa0, 0x0,
    0x0, 0x0, 0x5b, 0xef, 0xb0, 0x8, 0xfc, 0x10,
    0x0, 0x0, 0x0, 0x0, 0x0, 0x0, 0x4f, 0xe0,
    0x0, 0x0, 0x0, 0x0, 0x0, 0x0, 0x2, 0x40,

    /* U+F071 "" */
    0x0, 0x0, 0x0, 0x3, 0x10, 0x0, 0x0, 0x0,
    0x0, 0x0, 0x5, 0xfd, 0x0, 0x0, 0x0, 0x0,
    0x0, 0x0, 0xef, 0xf7, 0x0, 0x0, 0x0, 0x0,
    0x0, 0x8f, 0xff, 0xf1, 0x0, 0x0, 0x0, 0x0,
    0x2f, 0xfd, 0xef, 0xa0, 0x0, 0x0, 0x0, 0xb,
    0xfb, 0x3, 0xff, 0x30, 0x0, 0x0, 0x4, 0xff,
    0xc0, 0x4f, 0xfc, 0x0, 0x0, 0x0, 0xdf, 0xfd,
    0x5, 0xff, 0xf6, 0x0, 0x0, 0x7f, 0xff, 0xf8,
    0xcf, 0xff, 0xe1, 0x0, 0x1f, 0xff, 0xfc, 0x4,
    0xff, 0xff, 0x90, 0xa, 0xff, 0xff, 0xd2, 0x7f,
    0xff, 0xff, 0x20, 0xff, 0xff, 0xff, 0xff, 0xff,
    0xff, 0xf6, 0x4, 0x78, 0x88, 0x88, 0x88, 0x88,
    0x87, 0x0,

    /* U+F074 "" */
    0x0, 0x0, 0x0, 0x0, 0x6, 0x10, 0x0, 0x0,
    0x0, 0x0, 0xf, 0xc1, 0xff, 0xf8, 0x0, 0x2e,
    0xff, 0xfc, 0xcd, 0xff, 0x62, 0xef, 0xdf, 0xf9,
    0x0, 0x2c, 0x4e, 0xf9, 0xf, 0x90, 0x0, 0x2,
    0xef, 0x90, 0x7, 0x0, 0x0, 0x2e, 0xf8, 0x88,
    0xf, 0xa0, 0xcd, 0xff, 0x80, 0xdf, 0xdf, 0xf9,
    0xff, 0xf8, 0x0, 0x1e, 0xff, 0xfc, 0x0, 0x0,
    0x0, 0x0, 0xf, 0xc0, 0x0, 0x0, 0x0, 0x0,
    0x6, 0x10,

    /* U+F077 "" */
    0x0, 0x0, 0x27, 0x0, 0x0, 0x0, 0x0, 0x2e,
    0xf9, 0x0, 0x0, 0x0, 0x2e, 0xff, 0xf9, 0x0,
    0x0, 0x2e, 0xf9, 0x2e, 0xf9, 0x0, 0x2e, 0xf9,
    0x0, 0x2e, 0xf9, 0xb, 0xf9, 0x0, 0x0, 0x2e,
    0xf4, 0x27, 0x0, 0x0, 0x0, 0x27, 0x0,

    /* U+F078 "" */
    0x26, 0x0, 0x0, 0x0, 0x27, 0xb, 0xf9, 0x0,
    0x0, 0x2e, 0xf4, 0x2e, 0xf9, 0x0, 0x2e, 0xf9,
    0x0, 0x2e, 0xf9, 0x2e, 0xf9, 0x0, 0x0, 0x2e,
    0xff, 0xf9, 0x0, 0x0, 0x0, 0x2e, 0xf9, 0x0,
    0x0, 0x0, 0x0, 0x26, 0x0, 0x0, 0x0,

    /* U+F079 "" */
    0x0, 0x1, 0x0, 0x0, 0x0, 0x0, 0x0, 0x0,
    0x0, 0x3f, 0xc0, 0x7, 0x77, 0x77, 0x72, 0x0,
    0x3, 0xff, 0xfc, 0x2e, 0xff, 0xff, 0xf9, 0x0,
    0xf, 0xcf, 0xcf, 0xa0, 0x0, 0x0, 0xe9, 0x0,
    0x4, 0x1e, 0x93, 0x20, 0x0, 0x0, 0xe9, 0x0,
    0x0, 0xe, 0x90, 0x0, 0x0, 0x0, 0xe9, 0x0,
    0x0, 0xe, 0x90, 0x0, 0x0, 0xb5, 0xe9, 0x97,
    0x0, 0xe, 0xc7, 0x77, 0x73, 0xbf, 0xff, 0xf6,
    0x0, 0xd, 0xff, 0xff, 0xfd, 0xb, 0xff, 0x70,
    0x0, 0x0, 0x0, 0x0, 0x0, 0x0, 0xa6, 0x0,

    /* U+F07B "" */
    0xbf, 0xff, 0xf6, 0x0, 0x0, 0x0, 0xff, 0xff,
    0xff, 0x98, 0x88, 0x74, 0xff, 0xff, 0xff, 0xff,
    0xff, 0xff, 0xff, 0xff, 0xff, 0xff, 0xff, 0xff,
    0xff, 0xff, 0xff, 0xff, 0xff, 0xff, 0xff, 0xff,
    0xff, 0xff, 0xff, 0xff, 0xff, 0xff, 0xff, 0xff,
    0xff, 0xff, 0xff, 0xff, 0xff, 0xff, 0xff, 0xff,
    0xbf, 0xff, 0xff, 0xff, 0xff, 0xfb,

    /* U+F093 "" */
    0x0, 0x0, 0x2, 0x20, 0x0, 0x0, 0x0, 0x0,
    0x3e, 0xe3, 0x0, 0x0, 0x0, 0x3, 0xef, 0xfe,
    0x30, 0x0, 0x0, 0x3e, 0xff, 0xff, 0xe3, 0x0,
    0x0, 0xef, 0xff, 0xff, 0xfe, 0x0, 0x0, 0x0,
    0x8f, 0xf8, 0x0, 0x0, 0x0, 0x0, 0x8f, 0xf8,
    0x0, 0x0, 0x0, 0x0, 0x8f, 0xf8, 0x0, 0x0,
    0x23, 0x32, 0x8f, 0xf8, 0x23, 0x32, 0xff, 0xfd,
    0x39, 0x93, 0xef, 0xff, 0xff, 0xff, 0xc9, 0x9c,
    0xff, 0xff, 0xff, 0xff, 0xff, 0xff, 0x5c, 0x8f,
    0x9a, 0xaa, 0xaa, 0xaa, 0xaa, 0xa8,

    /* U+F095 "" */
    0x0, 0x0, 0x0, 0x0, 0x3, 0x62, 0x0, 0x0,
    0x0, 0x0, 0x0, 0xcf, 0xfe, 0x0, 0x0, 0x0,
    0x0, 0x3f, 0xff, 0xe0, 0x0, 0x0, 0x0, 0x9,
    0xff, 0xfd, 0x0, 0x0, 0x0, 0x0, 0x2d, 0xff,
    0x90, 0x0, 0x0, 0x0, 0x0, 0x4f, 0xf4, 0x0,
    0x0, 0x0, 0x0, 0xc, 0xfd, 0x0, 0x0, 0x1,
    0x0, 0x9, 0xff, 0x40, 0x1, 0x8e, 0xe1, 0x1a,
    0xff, 0x70, 0x0, 0xef, 0xff, 0xde, 0xff, 0x90,
    0x0, 0xc, 0xff, 0xff, 0xff, 0x60, 0x0, 0x0,
    0x8f, 0xff, 0xe9, 0x10, 0x0, 0x0, 0x2, 0x76,
    0x30, 0x0, 0x0, 0x0, 0x0,

    /* U+F0C4 "" */
    0x7, 0x93, 0x0, 0x0, 0x22, 0xa, 0xff, 0xf2,
    0x0, 0x8f, 0xf5, 0xf9, 0x1f, 0x70, 0x8f, 0xf9,
    0xc, 0xfc, 0xf8, 0x8f, 0xf9, 0x0, 0x1a, 0xef,
    0xff, 0xf9, 0x0, 0x0, 0x0, 0xef, 0xfc, 0x0,
    0x0, 0x7, 0xbf, 0xff, 0xf6, 0x0, 0xa, 0xff,
    0xfa, 0xbf, 0xf6, 0x0, 0xf9, 0x1f, 0x70, 0xbf,
    0xf6, 0xc, 0xfc, 0xf4, 0x0, 0xbf, 0xf4, 0x1a,
    0xc6, 0x0, 0x0, 0x56, 0x0,

    /* U+F0C5 "" */
    0x0, 0x3, 0x44, 0x41, 0x20, 0x0, 0x0, 0xff,
    0xff, 0x5e, 0x40, 0x24, 0x1f, 0xff, 0xf5, 0xee,
    0x2f, 0xf4, 0xff, 0xff, 0xc8, 0x82, 0xff, 0x4f,
    0xff, 0xff, 0xff, 0x5f, 0xf4, 0xff, 0xff, 0xff,
    0xf5, 0xff, 0x4f, 0xff, 0xff, 0xff, 0x5f, 0xf4,
    0xff, 0xff, 0xff, 0xf5, 0xff, 0x4f, 0xff, 0xff,
    0xff, 0x5f, 0xf4, 0xff, 0xff, 0xff, 0xf4, 0xff,
    0x93, 0x44, 0x44, 0x43, 0xf, 0xff, 0xff, 0xff,
    0x50, 0x0, 0x68, 0x88, 0x88, 0x71, 0x0, 0x0,

    /* U+F0C7 "" */
    0x48, 0x88, 0x88, 0x87, 0x0, 0xf, 0xff, 0xff,
    0xff, 0xfb, 0x0, 0xf8, 0x0, 0x0, 0xb, 0xfb,
    0xf, 0x80, 0x0, 0x0, 0xbf, 0xf3, 0xfb, 0x77,
    0x77, 0x7d, 0xff, 0x4f, 0xff, 0xff, 0xff, 0xff,
    0xf4, 0xff, 0xff, 0x42, 0xdf, 0xff, 0x4f, 0xff,
    0xc0, 0x8, 0xff, 0xf4, 0xff, 0xfe, 0x0, 0xaf,
    0xff, 0x4f, 0xff, 0xfc, 0xaf, 0xff, 0xf4, 0xaf,
    0xff, 0xff, 0xff, 0xfd, 0x10,

    /* U+F0C9 "" */
    0x0, 0x0, 0x0, 0x0, 0x0, 0xf, 0xff, 0xff,
    0xff, 0xff, 0xf7, 0x9a, 0xaa, 0xaa, 0xaa, 0xaa,
    0x40, 0x0, 0x0, 0x0, 0x0, 0x0, 0x89, 0x99,
    0x99, 0x99, 0x99, 0x3f, 0xff, 0xff, 0xff, 0xff,
    0xf7, 0x12, 0x22, 0x22, 0x22, 0x22, 0x0, 0x0,
    0x0, 0x0, 0x0, 0x0, 0x9a, 0xaa, 0xaa, 0xaa,
    0xaa, 0x4f, 0xff, 0xff, 0xff, 0xff, 0xf7, 0x0,
    0x0, 0x0, 0x0, 0x0, 0x0,

    /* U+F0E0 "" */
    0xbf, 0xff, 0xff, 0xff, 0xff, 0xfb, 0xff, 0xff,
    0xff, 0xff, 0xff, 0xff, 0x4e, 0xff, 0xff, 0xff,
    0xff, 0xe4, 0xc3, 0xbf, 0xff, 0xff, 0xfb, 0x3c,
    0xff, 0x57, 0xff, 0xff, 0x75, 0xff, 0xff, 0xf9,
    0x3d, 0xd3, 0x9f, 0xff, 0xff, 0xff, 0xd5, 0x5d,
    0xff, 0xff, 0xff, 0xff, 0xff, 0xff, 0xff, 0xff,
    0xbf, 0xff, 0xff, 0xff, 0xff, 0xfb,

    /* U+F0E7 "" */
    0x1, 0xbb, 0xba, 0x10, 0x0, 0x5f, 0xff, 0xf1,
    0x0, 0x7, 0xff, 0xfb, 0x0, 0x0, 0x9f, 0xff,
    0x60, 0x0, 0xb, 0xff, 0xff, 0xff, 0x60, 0xef,
    0xff, 0xff, 0xf1, 0xe, 0xff, 0xff, 0xf8, 0x0,
    0x0, 0xc, 0xfe, 0x0, 0x0, 0x0, 0xff, 0x50,
    0x0, 0x0, 0x3f, 0xc0, 0x0, 0x0, 0x7, 0xf3,
    0x0, 0x0, 0x0, 0xa9, 0x0, 0x0, 0x0, 0x2,
    0x0, 0x0, 0x0,

    /* U+F0EA "" */
    0x0, 0x2a, 0x50, 0x0, 0x0, 0xe, 0xff, 0x8f,
    0xff, 0x20, 0x0, 0xff, 0xf8, 0xff, 0xf4, 0x0,
    0xf, 0xff, 0xeb, 0xbb, 0x30, 0x0, 0xff, 0xf4,
    0x99, 0x92, 0x60, 0xf, 0xff, 0x5f, 0xff, 0x4f,
    0xa0, 0xff, 0xf5, 0xff, 0xf5, 0x56, 0x1f, 0xff,
    0x5f, 0xff, 0xff, 0xf4, 0xff, 0xf5, 0xff, 0xff,
    0xff, 0x4e, 0xff, 0x5f, 0xff, 0xff, 0xf4, 0x0,
    0x5, 0xff, 0xff, 0xff, 0x40, 0x0, 0x5f, 0xff,
    0xff, 0xf4, 0x0, 0x0, 0x44, 0x44, 0x44, 0x0,

    /* U+F0F3 "" */
    0x0, 0x0, 0x15, 0x0, 0x0, 0x0, 0x0, 0x9,
    0xf1, 0x0, 0x0, 0x0, 0x2d, 0xff, 0xf9, 0x0,
    0x0, 0xe, 0xff, 0xff, 0xf7, 0x0, 0x5, 0xff,
    0xff, 0xff, 0xd0, 0x0, 0x8f, 0xff, 0xff, 0xff,
    0x0, 0xa, 0xff, 0xff, 0xff, 0xf2, 0x0, 0xdf,
    0xff, 0xff, 0xff, 0x50, 0x6f, 0xff, 0xff, 0xff,
    0xfd, 0xe, 0xff, 0xff, 0xff, 0xff, 0xf6, 0x24,
    0x44, 0x44, 0x44, 0x43, 0x0, 0x0, 0x2f, 0xf9,
    0x0, 0x0, 0x0, 0x0, 0x46, 0x0, 0x0, 0x0,

    /* U+F11C "" */
    0xbf, 0xff, 0xff, 0xff, 0xff, 0xff, 0xf4, 0xfc,
    0x8e, 0x8e, 0x8e, 0x88, 0xe8, 0xf7, 0xf8, 0xc,
    0xc, 0xb, 0x0, 0xb0, 0xf8, 0xff, 0xec, 0xfc,
    0xec, 0xee, 0xcf, 0xf8, 0xff, 0xa0, 0xc0, 0xa0,
    0x77, 0x2f, 0xf8, 0xff, 0xec, 0xfc, 0xec, 0xee,
    0xcf, 0xf8, 0xf8, 0xc, 0x0, 0x0, 0x0, 0xb0,
    0xf8, 0xfc, 0x8e, 0x88, 0x88, 0x88, 0xe8, 0xf7,
    0xbf, 0xff, 0xff, 0xff, 0xff, 0xff, 0xf4,

    /* U+F124 "" */
    0x0, 0x0, 0x0, 0x0, 0x0, 0x6, 0x30, 0x0,
    0x0, 0x0, 0x0, 0x18, 0xef, 0xe0, 0x0, 0x0,
    0x0, 0x29, 0xff, 0xff, 0xb0, 0x0, 0x0, 0x3a,
    0xff, 0xff, 0xff, 0x30, 0x0, 0x4c, 0xff, 0xff,
    0xff, 0xfc, 0x0, 0xb, 0xff, 0xff, 0xff, 0xff,
    0xf5, 0x0, 0xe, 0xff, 0xff, 0xff, 0xff, 0xd0,
    0x0, 0x1, 0x34, 0x44, 0xdf, 0xff, 0x60, 0x0,
    0x0, 0x0, 0x0, 0xcf, 0xfe, 0x0, 0x0, 0x0,
    0x0, 0x0, 0xcf, 0xf8, 0x0, 0x0, 0x0, 0x0,
    0x0, 0xcf, 0xf1, 0x0, 0x0, 0x0, 0x0, 0x0,
    0xbf, 0x90, 0x0, 0x0, 0x0, 0x0, 0x0, 0x26,
    0x0, 0x0, 0x0,

    /* U+F15B "" */
    0x9b, 0xbb, 0xb2, 0x70, 0xf, 0xff, 0xff, 0x4f,
    0x90, 0xff, 0xff, 0xf4, 0xff, 0x9f, 0xff, 0xff,
    0x54, 0x44, 0xff, 0xff, 0xff, 0xff, 0xff, 0xff,
    0xff, 0xff, 0xff, 0xff, 0xff, 0xff, 0xff, 0xff,
    0xff, 0xff, 0xff, 0xff, 0xff, 0xff, 0xff, 0xff,
    0xff, 0xff, 0xff, 0xff, 0xff, 0xff, 0xff, 0xff,
    0xff, 0xff, 0xff, 0xff, 0xff, 0xff, 0x34, 0x44,
    0x44, 0x44, 0x30,

    /* U+F1EB "" */
    0x0, 0x0, 0x0, 0x0, 0x0, 0x0, 0x0, 0x0,
    0x0, 0x5, 0x9b, 0xcb, 0x95, 0x0, 0x0, 0x0,
    0x8f, 0xff, 0xff, 0xff, 0xff, 0x80, 0x3, 0xef,
    0xfa, 0x53, 0x23, 0x5a, 0xff, 0xe3, 0xdf, 0xa1,
    0x0, 0x0, 0x0, 0x1, 0xaf, 0xd2, 0x60, 0x5,
    0xbe, 0xfe, 0xb5, 0x0, 0x52, 0x0, 0x1c, 0xff,
    0xfe, 0xff, 0xfc, 0x10, 0x0, 0x2, 0xec, 0x40,
    0x0, 0x4c, 0xe2, 0x0, 0x0, 0x1, 0x0, 0x1,
    0x0, 0x1, 0x0, 0x0, 0x0, 0x0, 0xa, 0xfa,
    0x0, 0x0, 0x0, 0x0, 0x0, 0x0, 0xff, 0xf0,
    0x0, 0x0, 0x0, 0x0, 0x0, 0x6, 0xd6, 0x0,
    0x0, 0x0,

    /* U+F240 "" */
    0x37, 0x77, 0x77, 0x77, 0x77, 0x77, 0x75, 0xf,
    0xff, 0xff, 0xff, 0xff, 0xff, 0xff, 0xf3, 0xf8,
    0x34, 0x44, 0x44, 0x44, 0x44, 0x4f, 0xdf, 0x8c,
    0xff, 0xff, 0xff, 0xff, 0xf2, 0xcf, 0xf8, 0xcf,
    0xff, 0xff, 0xff, 0xff, 0x8, 0xff, 0x89, 0xcc,
    0xcc, 0xcc, 0xcc, 0xc3, 0xff, 0xfb, 0x77, 0x77,
    0x77, 0x77, 0x77, 0x9f, 0x9c, 0xff, 0xff, 0xff,
    0xff, 0xff, 0xff, 0xe1, 0x0, 0x0, 0x0, 0x0,
    0x0, 0x0, 0x0, 0x0,

    /* U+F241 "" */
    0x37, 0x77, 0x77, 0x77, 0x77, 0x77, 0x75, 0xf,
    0xff, 0xff, 0xff, 0xff, 0xff, 0xff, 0xf3, 0xf8,
    0x34, 0x44, 0x44, 0x43, 0x0, 0x4f, 0xdf, 0x8c,
    0xff, 0xff, 0xff, 0xc0, 0x2, 0xcf, 0xf8, 0xcf,
    0xff, 0xff, 0xfc, 0x0, 0x8, 0xff, 0x89, 0xcc,
    0xcc, 0xcc, 0x90, 0x3, 0xff, 0xfb, 0x77, 0x77,
    0x77, 0x77, 0x77, 0x9f, 0x9c, 0xff, 0xff, 0xff,
    0xff, 0xff, 0xff, 0xe1, 0x0, 0x0, 0x0, 0x0,
    0x0, 0x0, 0x0, 0x0,

    /* U+F242 "" */
    0x37, 0x77, 0x77, 0x77, 0x77, 0x77, 0x75, 0xf,
    0xff, 0xff, 0xff, 0xff, 0xff, 0xff, 0xf3, 0xf8,
    0x34, 0x44, 0x42, 0x0, 0x0, 0x4f, 0xdf, 0x8c,
    0xff, 0xff, 0x80, 0x0, 0x2, 0xcf, 0xf8, 0xcf,
    0xff, 0xf8, 0x0, 0x0, 0x8, 0xff, 0x89, 0xcc,
    0xcc, 0x60, 0x0, 0x3, 0xff, 0xfb, 0x77, 0x77,
    0x77, 0x77, 0x77, 0x9f, 0x9c, 0xff, 0xff, 0xff,
    0xff, 0xff, 0xff, 0xe1, 0x0, 0x0, 0x0, 0x0,
    0x0, 0x0, 0x0, 0x0,

    /* U+F243 "" */
    0x37, 0x77, 0x77, 0x77, 0x77, 0x77, 0x75, 0xf,
    0xff, 0xff, 0xff, 0xff, 0xff, 0xff, 0xf3, 0xf8,
    0x34, 0x41, 0x0, 0x0, 0x0, 0x4f, 0xdf, 0x8c,
    0xff, 0x40, 0x0, 0x0, 0x2, 0xcf, 0xf8, 0xcf,
    0xf4, 0x0, 0x0, 0x0, 0x8, 0xff, 0x89, 0xcc,
    0x30, 0x0, 0x0, 0x3, 0xff, 0xfb, 0x77, 0x77,
    0x77, 0x77, 0x77, 0x9f, 0x9c, 0xff, 0xff, 0xff,
    0xff, 0xff, 0xff, 0xe1, 0x0, 0x0, 0x0, 0x0,
    0x0, 0x0, 0x0, 0x0,

    /* U+F244 "" */
    0x37, 0x77, 0x77, 0x77, 0x77, 0x77, 0x75, 0xf,
    0xff, 0xff, 0xff, 0xff, 0xff, 0xff, 0xf3, 0xf8,
    0x0, 0x0, 0x0, 0x0, 0x0, 0x4f, 0xdf, 0x80,
    0x0, 0x0, 0x0, 0x0, 0x2, 0xcf, 0xf8, 0x0,
    0x0, 0x0, 0x0, 0x0, 0x8, 0xff, 0x80, 0x0,
    0x0, 0x0, 0x0, 0x3, 0xff, 0xfb, 0x77, 0x77,
    0x77, 0x77, 0x77, 0x9f, 0x9c, 0xff, 0xff, 0xff,
    0xff, 0xff, 0xff, 0xe1, 0x0, 0x0, 0x0, 0x0,
    0x0, 0x0, 0x0, 0x0,

    /* U+F287 "" */
    0x0, 0x0, 0x0, 0x0, 0x0, 0x0, 0x0, 0x0,
    0x0, 0x0, 0x0, 0x25, 0xfb, 0x0, 0x0, 0x0,
    0x0, 0x0, 0x5, 0xcb, 0xfe, 0x0, 0x0, 0x0,
    0x1, 0x0, 0xd, 0x10, 0x42, 0x0, 0x0, 0x0,
    0x9f, 0xd1, 0x68, 0x0, 0x0, 0x0, 0x68, 0x0,
    0xff, 0xfe, 0xee, 0xed, 0xdd, 0xdd, 0xef, 0xc0,
    0x9f, 0xd1, 0x0, 0xb3, 0x0, 0x0, 0x68, 0x0,
    0x1, 0x0, 0x0, 0x3b, 0x5, 0x74, 0x0, 0x0,
    0x0, 0x0, 0x0, 0x9, 0xbe, 0xfb, 0x0, 0x0,
    0x0, 0x0, 0x0, 0x0, 0x2d, 0xfb, 0x0, 0x0,
    0x0, 0x0, 0x0, 0x0, 0x0, 0x0, 0x0, 0x0,

    /* U+F293 "" */
    0x0, 0x0, 0x34, 0x20, 0x0, 0x0, 0x6e, 0xfe,
    0xfd, 0x20, 0x4, 0xff, 0xf3, 0xff, 0xd0, 0xc,
    0xff, 0xf0, 0x4f, 0xf5, 0xf, 0xd5, 0xf2, 0x95,
    0xf8, 0x2f, 0xf7, 0x41, 0x3c, 0xfa, 0x3f, 0xff,
    0x60, 0xaf, 0xfb, 0x3f, 0xfe, 0x20, 0x4f, 0xfb,
    0x2f, 0xe2, 0x92, 0x75, 0xfa, 0xf, 0xeb, 0xf1,
    0x49, 0xf8, 0x9, 0xff, 0xf0, 0x9f, 0xf2, 0x1,
    0xdf, 0xf9, 0xff, 0x90, 0x0, 0x6, 0xab, 0x95,
    0x0,

    /* U+F2ED "" */
    0x0, 0x4, 0x88, 0x70, 0x0, 0xb, 0xcc, 0xff,
    0xff, 0xdc, 0xc5, 0xbc, 0xcc, 0xcc, 0xcc, 0xcc,
    0x52, 0x88, 0x88, 0x88, 0x88, 0x60, 0x4f, 0xff,
    0xff, 0xff, 0xfc, 0x4, 0xfa, 0xae, 0x6f, 0x5f,
    0xc0, 0x4f, 0xaa, 0xe6, 0xf4, 0xfc, 0x4, 0xfa,
    0xae, 0x6f, 0x4f, 0xc0, 0x4f, 0xaa, 0xe6, 0xf4,
    0xfc, 0x4, 0xfa, 0xae, 0x6f, 0x4f, 0xc0, 0x4f,
    0xaa, 0xe6, 0xf5, 0xfc, 0x3, 0xff, 0xff, 0xff,
    0xff, 0xb0, 0x6, 0x88, 0x88, 0x88, 0x72, 0x0,

    /* U+F304 "" */
    0x0, 0x0, 0x0, 0x0, 0x1, 0x71, 0x0, 0x0,
    0x0, 0x0, 0x1, 0xef, 0xd1, 0x0, 0x0, 0x0,
    0x1, 0x5f, 0xff, 0xc0, 0x0, 0x0, 0x1, 0xea,
    0x5f, 0xfd, 0x0, 0x0, 0x1, 0xef, 0xfa, 0x5d,
    0x10, 0x0, 0x1, 0xef, 0xff, 0xf8, 0x0, 0x0,
    0x1, 0xef, 0xff, 0xfe, 0x20, 0x0, 0x1, 0xef,
    0xff, 0xfe, 0x20, 0x0, 0x1, 0xef, 0xff, 0xfe,
    0x20, 0x0, 0x0, 0xbf, 0xff, 0xfe, 0x20, 0x0,
    0x0, 0xd, 0xff, 0xfe, 0x20, 0x0, 0x0, 0x0,
    0xff, 0xfe, 0x20, 0x0, 0x0, 0x0, 0x6, 0x64,
    0x10, 0x0, 0x0, 0x0, 0x0,

    /* U+F55A "" */
    0x0, 0x5, 0xef, 0xff, 0xff, 0xff, 0xff, 0x80,
    0x5, 0xff, 0xff, 0xff, 0xff, 0xff, 0xff, 0x5,
    0xff, 0xff, 0x91, 0xdd, 0x19, 0xff, 0xf5, 0xff,
    0xff, 0xfd, 0x11, 0x11, 0xdf, 0xff, 0xef, 0xff,
    0xff, 0xfb, 0x0, 0xbf, 0xff, 0xf5, 0xff, 0xff,
    0xfd, 0x11, 0x11, 0xdf, 0xff, 0x5, 0xff, 0xff,
    0x91, 0xdd, 0x19, 0xff, 0xf0, 0x5, 0xff, 0xff,
    0xff, 0xff, 0xff, 0xff, 0x0, 0x4, 0xef, 0xff,
    0xff, 0xff, 0xff, 0x80,

    /* U+F7C2 "" */
    0x0, 0x17, 0x88, 0x87, 0x20, 0x2d, 0xff, 0xff,
    0xfd, 0x2e, 0xa0, 0xb3, 0x78, 0xfe, 0xfa, 0xb,
    0x37, 0x8f, 0xff, 0xff, 0xff, 0xff, 0xff, 0xff,
    0xff, 0xff, 0xff, 0xff, 0xff, 0xff, 0xff, 0xff,
    0xff, 0xff, 0xff, 0xff, 0xff, 0xff, 0xff, 0xff,
    0xff, 0xff, 0xff, 0xff, 0xff, 0xff, 0xff, 0xff,
    0xff, 0xfc, 0xff, 0xff, 0xff, 0xfc, 0x4, 0x44,
    0x44, 0x44, 0x0,

    /* U+F8A2 "" */
    0x0, 0x0, 0x0, 0x0, 0x0, 0x2, 0x0, 0x0,
    0x0, 0x0, 0x0, 0x4, 0xf0, 0x0, 0x69, 0x0,
    0x0, 0x0, 0xdf, 0x0, 0x7f, 0xc0, 0x0, 0x0,
    0xd, 0xf0, 0x8f, 0xff, 0xdd, 0xdd, 0xdd, 0xff,
    0xb, 0xff, 0xff, 0xff, 0xff, 0xff, 0xf0, 0xb,
    0xfc, 0x0, 0x0, 0x0, 0x0, 0x0, 0xa, 0xc0,
    0x0, 0x0, 0x0, 0x0, 0x0, 0x0, 0x0, 0x0,
    0x0, 0x0, 0x0
};


/*---------------------
 *  GLYPH DESCRIPTION
 *--------------------*/

static const lv_font_fmt_txt_glyph_dsc_t glyph_dsc[] = {
    {.bitmap_index = 0, .adv_w = 0, .box_w = 0, .box_h = 0, .ofs_x = 0, .ofs_y = 0} /* id = 0 reserved */,
    {.bitmap_index = 0, .adv_w = 57, .box_w = 0, .box_h = 0, .ofs_x = 0, .ofs_y = 0},
    {.bitmap_index = 0, .adv_w = 56, .box_w = 3, .box_h = 9, .ofs_x = 0, .ofs_y = -1},
    {.bitmap_index = 14, .adv_w = 74, .box_w = 4, .box_h = 4, .ofs_x = 0, .ofs_y = 4},
    {.bitmap_index = 22, .adv_w = 82, .box_w = 6, .box_h = 9, .ofs_x = 0, .ofs_y = -1},
    {.bitmap_index = 49, .adv_w = 92, .box_w = 6, .box_h = 9, .ofs_x = 0, .ofs_y = 0},
    {.bitmap_index = 76, .adv_w = 92, .box_w = 6, .box_h = 9, .ofs_x = 0, .ofs_y = -1},
    {.bitmap_index = 103, .adv_w = 88, .box_w = 6, .box_h = 9, .ofs_x = 0, .ofs_y = -1},
    {.bitmap_index = 130, .adv_w = 74, .box_w = 4, .box_h = 5, .ofs_x = 0, .ofs_y = 3},
    {.bitmap_index = 140, .adv_w = 87, .box_w = 5, .box_h = 9, .ofs_x = 0, .ofs_y = -1},
    {.bitmap_index = 163, .adv_w = 90, .box_w = 5, .box_h = 9, .ofs_x = 0, .ofs_y = -1},
    {.bitmap_index = 186, .adv_w = 72, .box_w = 5, .box_h = 5, .ofs_x = 0, .ofs_y = 4},
    {.bitmap_index = 199, .adv_w = 102, .box_w = 7, .box_h = 6, .ofs_x = 0, .ofs_y = 1},
    {.bitmap_index = 220, .adv_w = 58, .box_w = 3, .box_h = 3, .ofs_x = 0, .ofs_y = 0},
    {.bitmap_index = 225, .adv_w = 101, .box_w = 6, .box_h = 2, .ofs_x = 0, .ofs_y = 2},
    {.bitmap_index = 231, .adv_w = 60, .box_w = 3, .box_h = 2, .ofs_x = 0, .ofs_y = 1},
    {.bitmap_index = 234, .adv_w = 79, .box_w = 5, .box_h = 9, .ofs_x = 0, .ofs_y = -1},
    {.bitmap_index = 257, .adv_w = 96, .box_w = 6, .box_h = 8, .ofs_x = 0, .ofs_y = 0},
    {.bitmap_index = 281, .adv_w = 96, .box_w = 6, .box_h = 8, .ofs_x = 0, .ofs_y = 0},
    {.bitmap_index = 305, .adv_w = 96, .box_w = 6, .box_h = 8, .ofs_x = 0, .ofs_y = 0},
    {.bitmap_index = 329, .adv_w = 96, .box_w = 6, .box_h = 8, .ofs_x = 0, .ofs_y = 0},
    {.bitmap_index = 353, .adv_w = 96, .box_w = 6, .box_h = 8, .ofs_x = 0, .ofs_y = 0},
    {.bitmap_index = 377, .adv_w = 96, .box_w = 6, .box_h = 8, .ofs_x = 0, .ofs_y = 0},
    {.bitmap_index = 401, .adv_w = 96, .box_w = 6, .box_h = 8, .ofs_x = 0, .ofs_y = 0},
    {.bitmap_index = 425, .adv_w = 96, .box_w = 6, .box_h = 8, .ofs_x = 0, .ofs_y = 0},
    {.bitmap_index = 449, .adv_w = 96, .box_w = 6, .box_h = 8, .ofs_x = 0, .ofs_y = 0},
    {.bitmap_index = 473, .adv_w = 96, .box_w = 6, .box_h = 8, .ofs_x = 0, .ofs_y = 0},
    {.bitmap_index = 497, .adv_w = 60, .box_w = 4, .box_h = 6, .ofs_x = 0, .ofs_y = 1},
    {.bitmap_index = 509, .adv_w = 55, .box_w = 4, .box_h = 7, .ofs_x = 0, .ofs_y = 0},
    {.bitmap_index = 523, .adv_w = 98, .box_w = 6, .box_h = 8, .ofs_x = 0, .ofs_y = 0},
    {.bitmap_index = 547, .adv_w = 101, .box_w = 6, .box_h = 4, .ofs_x = 0, .ofs_y = 1},
    {.bitmap_index = 559, .adv_w = 100, .box_w = 6, .box_h = 8, .ofs_x = 0, .ofs_y = 0},
    {.bitmap_index = 583, .adv_w = 92, .box_w = 6, .box_h = 9, .ofs_x = 0, .ofs_y = -1},
    {.bitmap_index = 610, .adv_w = 99, .box_w = 6, .box_h = 8, .ofs_x = 0, .ofs_y = 0},
    {.bitmap_index = 634, .adv_w = 79, .box_w = 5, .box_h = 8, .ofs_x = 0, .ofs_y = 0},
    {.bitmap_index = 654, .adv_w = 101, .box_w = 6, .box_h = 8, .ofs_x = 0, .ofs_y = 0},
    {.bitmap_index = 678, .adv_w = 89, .box_w = 6, .box_h = 8, .ofs_x = 0, .ofs_y = 0},
    {.bitmap_index = 702, .adv_w = 101, .box_w = 6, .box_h = 8, .ofs_x = 0, .ofs_y = 0},
    {.bitmap_index = 726, .adv_w = 102, .box_w = 6, .box_h = 8, .ofs_x = 0, .ofs_y = 0},
    {.bitmap_index = 750, .adv_w = 97, .box_w = 6, .box_h = 8, .ofs_x = 0, .ofs_y = 0},
    {.bitmap_index = 774, .adv_w = 93, .box_w = 6, .box_h = 8, .ofs_x = 0, .ofs_y = 0},
    {.bitmap_index = 798, .adv_w = 110, .box_w = 6, .box_h = 8, .ofs_x = 0, .ofs_y = 0},
    {.bitmap_index = 822, .adv_w = 110, .box_w = 6, .box_h = 8, .ofs_x = 0, .ofs_y = 0},
    {.bitmap_index = 846, .adv_w = 82, .box_w = 5, .box_h = 8, .ofs_x = 0, .ofs_y = 0},
    {.bitmap_index = 866, .adv_w = 95, .box_w = 6, .box_h = 8, .ofs_x = 0, .ofs_y = 0},
    {.bitmap_index = 890, .adv_w = 94, .box_w = 6, .box_h = 8, .ofs_x = 0, .ofs_y = 0},
    {.bitmap_index = 914, .adv_w = 106, .box_w = 6, .box_h = 8, .ofs_x = 0, .ofs_y = 0},
    {.bitmap_index = 938, .adv_w = 110, .box_w = 6, .box_h = 8, .ofs_x = 0, .ofs_y = 0},
    {.bitmap_index = 962, .adv_w = 92, .box_w = 6, .box_h = 8, .ofs_x = 0, .ofs_y = 0},
    {.bitmap_index = 986, .adv_w = 98, .box_w = 6, .box_h = 8, .ofs_x = 0, .ofs_y = 0},
    {.bitmap_index = 1010, .adv_w = 92, .box_w = 6, .box_h = 8, .ofs_x = 0, .ofs_y = 0},
    {.bitmap_index = 1034, .adv_w = 96, .box_w = 6, .box_h = 8, .ofs_x = 0, .ofs_y = 0},
    {.bitmap_index = 1058, .adv_w = 89, .box_w = 6, .box_h = 8, .ofs_x = 0, .ofs_y = 0},
    {.bitmap_index = 1082, .adv_w = 80, .box_w = 5, .box_h = 8, .ofs_x = 0, .ofs_y = 0},
    {.bitmap_index = 1102, .adv_w = 106, .box_w = 6, .box_h = 8, .ofs_x = 0, .ofs_y = 0},
    {.bitmap_index = 1126, .adv_w = 87, .box_w = 6, .box_h = 8, .ofs_x = 0, .ofs_y = 0},
    {.bitmap_index = 1150, .adv_w = 88, .box_w = 6, .box_h = 8, .ofs_x = 0, .ofs_y = 0},
    {.bitmap_index = 1174, .adv_w = 92, .box_w = 6, .box_h = 8, .ofs_x = 0, .ofs_y = 0},
    {.bitmap_index = 1198, .adv_w = 90, .box_w = 6, .box_h = 8, .ofs_x = 0, .ofs_y = 0},
    {.bitmap_index = 1222, .adv_w = 91, .box_w = 6, .box_h = 8, .ofs_x = 0, .ofs_y = 0},
    {.bitmap_index = 1246, .adv_w = 66, .box_w = 4, .box_h = 9, .ofs_x = 0, .ofs_y = -1},
    {.bitmap_index = 1264, .adv_w = 79, .box_w = 5, .box_h = 9, .ofs_x = 0, .ofs_y = -1},
    {.bitmap_index = 1287, .adv_w = 66, .box_w = 4, .box_h = 9, .ofs_x = 0, .ofs_y = -1},
    {.bitmap_index = 1305, .adv_w = 102, .box_w = 6, .box_h = 3, .ofs_x = 0, .ofs_y = 5},
    {.bitmap_index = 1314, .adv_w = 83, .box_w = 6, .box_h = 2, .ofs_x = 0, .ofs_y = -2},
    {.bitmap_index = 1320, .adv_w = 63, .box_w = 4, .box_h = 5, .ofs_x = 0, .ofs_y = 3},
    {.bitmap_index = 1330, .adv_w = 101, .box_w = 7, .box_h = 5, .ofs_x = 0, .ofs_y = 0},
    {.bitmap_index = 1348, .adv_w = 97, .box_w = 6, .box_h = 8, .ofs_x = 0, .ofs_y = 0},
    {.bitmap_index = 1372, .adv_w = 90, .box_w = 6, .box_h = 5, .ofs_x = 0, .ofs_y = 0},
    {.bitmap_index = 1387, .adv_w = 96, .box_w = 6, .box_h = 8, .ofs_x = 0, .ofs_y = 0},
    {.bitmap_index = 1411, .adv_w = 90, .box_w = 6, .box_h = 5, .ofs_x = 0, .ofs_y = 0},
    {.bitmap_index = 1426, .adv_w = 79, .box_w = 5, .box_h = 8, .ofs_x = 0, .ofs_y = 0},
    {.bitmap_index = 1446, .adv_w = 97, .box_w = 6, .box_h = 6, .ofs_x = 0, .ofs_y = -1},
    {.bitmap_index = 1464, .adv_w = 100, .box_w = 6, .box_h = 8, .ofs_x = 0, .ofs_y = 0},
    {.bitmap_index = 1488, .adv_w = 45, .box_w = 3, .box_h = 8, .ofs_x = 0, .ofs_y = 0},
    {.bitmap_index = 1500, .adv_w = 64, .box_w = 4, .box_h = 8, .ofs_x = 0, .ofs_y = -1},
    {.bitmap_index = 1516, .adv_w = 95, .box_w = 6, .box_h = 8, .ofs_x = 0, .ofs_y = 0},
    {.bitmap_index = 1540, .adv_w = 67, .box_w = 4, .box_h = 8, .ofs_x = 0, .ofs_y = 0},
    {.bitmap_index = 1556, .adv_w = 101, .box_w = 6, .box_h = 5, .ofs_x = 0, .ofs_y = 0},
    {.bitmap_index = 1571, .adv_w = 92, .box_w = 6, .box_h = 5, .ofs_x = 0, .ofs_y = 0},
    {.bitmap_index = 1586, .adv_w = 93, .box_w = 6, .box_h = 5, .ofs_x = 0, .ofs_y = 0},
    {.bitmap_index = 1601, .adv_w = 97, .box_w = 6, .box_h = 6, .ofs_x = 0, .ofs_y = -1},
    {.bitmap_index = 1619, .adv_w = 97, .box_w = 6, .box_h = 6, .ofs_x = 0, .ofs_y = -1},
    {.bitmap_index = 1637, .adv_w = 80, .box_w = 5, .box_h = 5, .ofs_x = 0, .ofs_y = 0},
    {.bitmap_index = 1650, .adv_w = 99, .box_w = 6, .box_h = 5, .ofs_x = 0, .ofs_y = 0},
    {.bitmap_index = 1665, .adv_w = 76, .box_w = 5, .box_h = 8, .ofs_x = 0, .ofs_y = 0},
    {.bitmap_index = 1685, .adv_w = 99, .box_w = 6, .box_h = 5, .ofs_x = 0, .ofs_y = 0},
    {.bitmap_index = 1700, .adv_w = 96, .box_w = 6, .box_h = 5, .ofs_x = 0, .ofs_y = 0},
    {.bitmap_index = 1715, .adv_w = 96, .box_w = 6, .box_h = 5, .ofs_x = 0, .ofs_y = 0},
    {.bitmap_index = 1730, .adv_w = 100, .box_w = 6, .box_h = 5, .ofs_x = 0, .ofs_y = 0},
    {.bitmap_index = 1745, .adv_w = 93, .box_w = 6, .box_h = 6, .ofs_x = 0, .ofs_y = -1},
    {.bitmap_index = 1763, .adv_w = 91, .box_w = 6, .box_h = 5, .ofs_x = 0, .ofs_y = 0},
    {.bitmap_index = 1778, .adv_w = 67, .box_w = 4, .box_h = 9, .ofs_x = 0, .ofs_y = -1},
    {.bitmap_index = 1796, .adv_w = 61, .box_w = 2, .box_h = 9, .ofs_x = 1, .ofs_y = -1},
    {.bitmap_index = 1805, .adv_w = 67, .box_w = 4, .box_h = 9, .ofs_x = 0, .ofs_y = -1},
    {.bitmap_index = 1823, .adv_w = 187, .box_w = 12, .box_h = 4, .ofs_x = 0, .ofs_y = 1},
    {.bitmap_index = 1847, .adv_w = 192, .box_w = 10, .box_h = 10, .ofs_x = 1, .ofs_y = -1},
    {.bitmap_index = 1897, .adv_w = 192, .box_w = 10, .box_h = 10, .ofs_x = 1, .ofs_y = -1},
    {.bitmap_index = 1947, .adv_w = 192, .box_w = 12, .box_h = 11, .ofs_x = 0, .ofs_y = -2},
    {.bitmap_index = 2013, .adv_w = 192, .box_w = 10, .box_h = 10, .ofs_x = 1, .ofs_y = -1},
    {.bitmap_index = 2063, .adv_w = 192, .box_w = 11, .box_h = 10, .ofs_x = 1, .ofs_y = -1},
    {.bitmap_index = 2118, .adv_w = 192, .box_w = 11, .box_h = 10, .ofs_x = 1, .ofs_y = -1},
    {.bitmap_index = 2173, .adv_w = 192, .box_w = 10, .box_h = 10, .ofs_x = 1, .ofs_y = -1},
    {.bitmap_index = 2223, .adv_w = 192, .box_w = 10, .box_h = 12, .ofs_x = 1, .ofs_y = -2},
    {.bitmap_index = 2283, .adv_w = 192, .box_w = 11, .box_h = 11, .ofs_x = 1, .ofs_y = -2},
    {.bitmap_index = 2344, .adv_w = 192, .box_w = 12, .box_h = 11, .ofs_x = 0, .ofs_y = -2},
    {.bitmap_index = 2410, .adv_w = 192, .box_w = 12, .box_h = 11, .ofs_x = 0, .ofs_y = -2},
    {.bitmap_index = 2476, .adv_w = 192, .box_w = 12, .box_h = 11, .ofs_x = 0, .ofs_y = -2},
    {.bitmap_index = 2542, .adv_w = 192, .box_w = 12, .box_h = 11, .ofs_x = 0, .ofs_y = -2},
    {.bitmap_index = 2608, .adv_w = 192, .box_w = 12, .box_h = 11, .ofs_x = 0, .ofs_y = -1},
    {.bitmap_index = 2674, .adv_w = 192, .box_w = 12, .box_h = 11, .ofs_x = 0, .ofs_y = -2},
    {.bitmap_index = 2740, .adv_w = 192, .box_w = 12, .box_h = 12, .ofs_x = 0, .ofs_y = -2},
    {.bitmap_index = 2812, .adv_w = 192, .box_w = 12, .box_h = 10, .ofs_x = 0, .ofs_y = -1},
    {.bitmap_index = 2872, .adv_w = 192, .box_w = 12, .box_h = 11, .ofs_x = 0, .ofs_y = -1},
    {.bitmap_index = 2938, .adv_w = 192, .box_w = 12, .box_h = 10, .ofs_x = 0, .ofs_y = -1},
    {.bitmap_index = 2998, .adv_w = 192, .box_w = 12, .box_h = 10, .ofs_x = 0, .ofs_y = -1},
    {.bitmap_index = 3058, .adv_w = 192, .box_w = 11, .box_h = 10, .ofs_x = 1, .ofs_y = -1},
    {.bitmap_index = 3113, .adv_w = 192, .box_w = 10, .box_h = 12, .ofs_x = 1, .ofs_y = -2},
    {.bitmap_index = 3173, .adv_w = 192, .box_w = 10, .box_h = 10, .ofs_x = 1, .ofs_y = -1},
    {.bitmap_index = 3223, .adv_w = 192, .box_w = 12, .box_h = 10, .ofs_x = 0, .ofs_y = -1},
    {.bitmap_index = 3283, .adv_w = 192, .box_w = 10, .box_h = 10, .ofs_x = 1, .ofs_y = -1},
    {.bitmap_index = 3333, .adv_w = 192, .box_w = 11, .box_h = 10, .ofs_x = 1, .ofs_y = -1},
    {.bitmap_index = 3388, .adv_w = 192, .box_w = 12, .box_h = 11, .ofs_x = 0, .ofs_y = -2},
    {.bitmap_index = 3454, .adv_w = 192, .box_w = 12, .box_h = 10, .ofs_x = 0, .ofs_y = -1},
    {.bitmap_index = 3514, .adv_w = 192, .box_w = 11, .box_h = 12, .ofs_x = 0, .ofs_y = -2},
    {.bitmap_index = 3580, .adv_w = 192, .box_w = 11, .box_h = 10, .ofs_x = 1, .ofs_y = -1},
    {.bitmap_index = 3635, .adv_w = 192, .box_w = 12, .box_h = 10, .ofs_x = 0, .ofs_y = -1},
    {.bitmap_index = 3695, .adv_w = 192, .box_w = 12, .box_h = 10, .ofs_x = 0, .ofs_y = -1},
    {.bitmap_index = 3755, .adv_w = 192, .box_w = 11, .box_h = 12, .ofs_x = 1, .ofs_y = -2},
    {.bitmap_index = 3821, .adv_w = 192, .box_w = 12, .box_h = 11, .ofs_x = 0, .ofs_y = -2},
    {.bitmap_index = 3887, .adv_w = 192, .box_w = 11, .box_h = 11, .ofs_x = 0, .ofs_y = -2},
    {.bitmap_index = 3948, .adv_w = 192, .box_w = 12, .box_h = 11, .ofs_x = 0, .ofs_y = -1},
    {.bitmap_index = 4014, .adv_w = 192, .box_w = 12, .box_h = 10, .ofs_x = 0, .ofs_y = -1},
    {.bitmap_index = 4074, .adv_w = 192, .box_w = 12, .box_h = 11, .ofs_x = 0, .ofs_y = -1},
    {.bitmap_index = 4140, .adv_w = 192, .box_w = 11, .box_h = 10, .ofs_x = 1, .ofs_y = -1},
    {.bitmap_index = 4195, .adv_w = 192, .box_w = 11, .box_h = 12, .ofs_x = 1, .ofs_y = -2},
    {.bitmap_index = 4261, .adv_w = 192, .box_w = 12, .box_h = 12, .ofs_x = 0, .ofs_y = -2},
    {.bitmap_index = 4333, .adv_w = 192, .box_w = 10, .box_h = 11, .ofs_x = 1, .ofs_y = -2},
    {.bitmap_index = 4388, .adv_w = 192, .box_w = 10, .box_h = 12, .ofs_x = 1, .ofs_y = -2},
    {.bitmap_index = 4448, .adv_w = 192, .box_w = 12, .box_h = 10, .ofs_x = 0, .ofs_y = -1},
    {.bitmap_index = 4508, .adv_w = 192, .box_w = 10, .box_h = 10, .ofs_x = 1, .ofs_y = -1},
    {.bitmap_index = 4558, .adv_w = 192, .box_w = 10, .box_h = 10, .ofs_x = 1, .ofs_y = -1},
    {.bitmap_index = 4608, .adv_w = 192, .box_w = 10, .box_h = 12, .ofs_x = 1, .ofs_y = -2},
    {.bitmap_index = 4668, .adv_w = 192, .box_w = 10, .box_h = 12, .ofs_x = 1, .ofs_y = -2},
    {.bitmap_index = 4728, .adv_w = 192, .box_w = 10, .box_h = 12, .ofs_x = 1, .ofs_y = -2},
    {.bitmap_index = 4788, .adv_w = 192, .box_w = 12, .box_h = 11, .ofs_x = 0, .ofs_y = -2},
    {.bitmap_index = 4854, .adv_w = 192, .box_w = 11, .box_h = 12, .ofs_x = 1, .ofs_y = -2},
    {.bitmap_index = 4920, .adv_w = 192, .box_w = 12, .box_h = 11, .ofs_x = 0, .ofs_y = -2},
    {.bitmap_index = 4986, .adv_w = 192, .box_w = 10, .box_h = 11, .ofs_x = 1, .ofs_y = -2},
    {.bitmap_index = 5041, .adv_w = 192, .box_w = 10, .box_h = 11, .ofs_x = 1, .ofs_y = -1},
    {.bitmap_index = 5096, .adv_w = 192, .box_w = 11, .box_h = 10, .ofs_x = 0, .ofs_y = -1},
    {.bitmap_index = 5151, .adv_w = 192, .box_w = 12, .box_h = 11, .ofs_x = 0, .ofs_y = -1},
    {.bitmap_index = 5217, .adv_w = 192, .box_w = 11, .box_h = 10, .ofs_x = 1, .ofs_y = -1},
    {.bitmap_index = 5272, .adv_w = 192, .box_w = 12, .box_h = 10, .ofs_x = 0, .ofs_y = -1},
    {.bitmap_index = 5332, .adv_w = 192, .box_w = 11, .box_h = 11, .ofs_x = 0, .ofs_y = -2},
    {.bitmap_index = 5393, .adv_w = 192, .box_w = 10, .box_h = 12, .ofs_x = 1, .ofs_y = -2},
    {.bitmap_index = 5453, .adv_w = 192, .box_w = 12, .box_h = 10, .ofs_x = 0, .ofs_y = -1},
    {.bitmap_index = 5513, .adv_w = 192, .box_w = 12, .box_h = 11, .ofs_x = 0, .ofs_y = -2},
    {.bitmap_index = 5579, .adv_w = 192, .box_w = 12, .box_h = 11, .ofs_x = 0, .ofs_y = -2},
    {.bitmap_index = 5645, .adv_w = 192, .box_w = 11, .box_h = 11, .ofs_x = 1, .ofs_y = -1},
    {.bitmap_index = 5706, .adv_w = 192, .box_w = 11, .box_h = 11, .ofs_x = 0, .ofs_y = -1},
    {.bitmap_index = 5767, .adv_w = 192, .box_w = 10, .box_h = 11, .ofs_x = 1, .ofs_y = -2},
    {.bitmap_index = 5822, .adv_w = 192, .box_w = 11, .box_h = 11, .ofs_x = 1, .ofs_y = -2},
    {.bitmap_index = 5883, .adv_w = 192, .box_w = 10, .box_h = 12, .ofs_x = 1, .ofs_y = -2},
    {.bitmap_index = 5943, .adv_w = 192, .box_w = 11, .box_h = 10, .ofs_x = 0, .ofs_y = -1},
    {.bitmap_index = 5998, .adv_w = 192, .box_w = 12, .box_h = 10, .ofs_x = 0, .ofs_y = -1},
    {.bitmap_index = 6058, .adv_w = 192, .box_w = 11, .box_h = 12, .ofs_x = 1, .ofs_y = -2},
    {.bitmap_index = 6124, .adv_w = 192, .box_w = 12, .box_h = 11, .ofs_x = 0, .ofs_y = -1},
    {.bitmap_index = 6190, .adv_w = 192, .box_w = 10, .box_h = 10, .ofs_x = 1, .ofs_y = -1},
    {.bitmap_index = 6240, .adv_w = 192, .box_w = 12, .box_h = 10, .ofs_x = 0, .ofs_y = -1},
    {.bitmap_index = 6300, .adv_w = 192, .box_w = 12, .box_h = 11, .ofs_x = 0, .ofs_y = -1},
    {.bitmap_index = 6366, .adv_w = 192, .box_w = 10, .box_h = 12, .ofs_x = 1, .ofs_y = -2},
    {.bitmap_index = 6426, .adv_w = 192, .box_w = 11, .box_h = 11, .ofs_x = 0, .ofs_y = -2},
    {.bitmap_index = 6487, .adv_w = 192, .box_w = 11, .box_h = 11, .ofs_x = 1, .ofs_y = -2},
    {.bitmap_index = 6548, .adv_w = 192, .box_w = 12, .box_h = 12, .ofs_x = 0, .ofs_y = -2},
    {.bitmap_index = 6620, .adv_w = 192, .box_w = 11, .box_h = 11, .ofs_x = 1, .ofs_y = -2},
    {.bitmap_index = 6681, .adv_w = 192, .box_w = 12, .box_h = 10, .ofs_x = 0, .ofs_y = -1},
    {.bitmap_index = 6741, .adv_w = 192, .box_w = 12, .box_h = 10, .ofs_x = 0, .ofs_y = -1},
    {.bitmap_index = 6801, .adv_w = 192, .box_w = 11, .box_h = 11, .ofs_x = 1, .ofs_y = -2},
    {.bitmap_index = 6862, .adv_w = 192, .box_w = 12, .box_h = 12, .ofs_x = 0, .ofs_y = -2},
    {.bitmap_index = 6934, .adv_w = 192, .box_w = 12, .box_h = 11, .ofs_x = 0, .ofs_y = -2},
    {.bitmap_index = 7000, .adv_w = 192, .box_w = 12, .box_h = 12, .ofs_x = 0, .ofs_y = -2},
    {.bitmap_index = 7072, .adv_w = 192, .box_w = 12, .box_h = 12, .ofs_x = 0, .ofs_y = -2},
    {.bitmap_index = 7144, .adv_w = 192, .box_w = 12, .box_h = 11, .ofs_x = 0, .ofs_y = -1},
    {.bitmap_index = 7210, .adv_w = 192, .box_w = 12, .box_h = 12, .ofs_x = 0, .ofs_y = -2},
    {.bitmap_index = 7282, .adv_w = 192, .box_w = 12, .box_h = 10, .ofs_x = 0, .ofs_y = -1},
    {.bitmap_index = 7342, .adv_w = 192, .box_w = 12, .box_h = 11, .ofs_x = 0, .ofs_y = -2},
    {.bitmap_index = 7408, .adv_w = 192, .box_w = 12, .box_h = 12, .ofs_x = 0, .ofs_y = -2},
    {.bitmap_index = 7480, .adv_w = 192, .box_w = 12, .box_h = 11, .ofs_x = 0, .ofs_y = -1},
    {.bitmap_index = 7546, .adv_w = 192, .box_w = 11, .box_h = 11, .ofs_x = 1, .ofs_y = -2},
    {.bitmap_index = 7607, .adv_w = 192, .box_w = 12, .box_h = 10, .ofs_x = 0, .ofs_y = -1},
    {.bitmap_index = 7667, .adv_w = 192, .box_w = 11, .box_h = 12, .ofs_x = 0, .ofs_y = -2},
    {.bitmap_index = 7733, .adv_w = 192, .box_w = 12, .box_h = 10, .ofs_x = 0, .ofs_y = -1},
    {.bitmap_index = 7793, .adv_w = 192, .box_w = 12, .box_h = 11, .ofs_x = 0, .ofs_y = -2},
    {.bitmap_index = 7859, .adv_w = 192, .box_w = 12, .box_h = 11, .ofs_x = 0, .ofs_y = -2},
    {.bitmap_index = 7925, .adv_w = 192, .box_w = 12, .box_h = 11, .ofs_x = 0, .ofs_y = -2},
    {.bitmap_index = 7991, .adv_w = 192, .box_w = 12, .box_h = 12, .ofs_x = 0, .ofs_y = -2},
    {.bitmap_index = 8063, .adv_w = 192, .box_w = 12, .box_h = 11, .ofs_x = 0, .ofs_y = -2},
    {.bitmap_index = 8129, .adv_w = 192, .box_w = 11, .box_h = 10, .ofs_x = 1, .ofs_y = -1},
    {.bitmap_index = 8184, .adv_w = 192, .box_w = 12, .box_h = 12, .ofs_x = 0, .ofs_y = -2},
    {.bitmap_index = 8256, .adv_w = 192, .box_w = 11, .box_h = 10, .ofs_x = 1, .ofs_y = -1},
    {.bitmap_index = 8311, .adv_w = 192, .box_w = 12, .box_h = 10, .ofs_x = 0, .ofs_y = -1},
    {.bitmap_index = 8371, .adv_w = 192, .box_w = 10, .box_h = 11, .ofs_x = 1, .ofs_y = -2},
    {.bitmap_index = 8426, .adv_w = 192, .box_w = 12, .box_h = 11, .ofs_x = 0, .ofs_y = -1},
    {.bitmap_index = 8492, .adv_w = 192, .box_w = 10, .box_h = 12, .ofs_x = 1, .ofs_y = -2},
    {.bitmap_index = 8552, .adv_w = 192, .box_w = 12, .box_h = 11, .ofs_x = 0, .ofs_y = -2},
    {.bitmap_index = 8618, .adv_w = 192, .box_w = 12, .box_h = 10, .ofs_x = 0, .ofs_y = -1},
    {.bitmap_index = 8678, .adv_w = 192, .box_w = 12, .box_h = 11, .ofs_x = 0, .ofs_y = -2},
    {.bitmap_index = 8744, .adv_w = 192, .box_w = 12, .box_h = 10, .ofs_x = 0, .ofs_y = -1},
    {.bitmap_index = 8804, .adv_w = 192, .box_w = 12, .box_h = 12, .ofs_x = 0, .ofs_y = -2},
    {.bitmap_index = 8876, .adv_w = 192, .box_w = 10, .box_h = 11, .ofs_x = 1, .ofs_y = -2},
    {.bitmap_index = 8931, .adv_w = 192, .box_w = 12, .box_h = 12, .ofs_x = 0, .ofs_y = -2},
    {.bitmap_index = 9003, .adv_w = 192, .box_w = 12, .box_h = 11, .ofs_x = 0, .ofs_y = -2},
    {.bitmap_index = 9069, .adv_w = 192, .box_w = 12, .box_h = 12, .ofs_x = 0, .ofs_y = -2},
    {.bitmap_index = 9141, .adv_w = 192, .box_w = 10, .box_h = 10, .ofs_x = 1, .ofs_y = -1},
    {.bitmap_index = 9191, .adv_w = 192, .box_w = 12, .box_h = 12, .ofs_x = 0, .ofs_y = -2},
    {.bitmap_index = 9263, .adv_w = 192, .box_w = 12, .box_h = 11, .ofs_x = 0, .ofs_y = -2},
    {.bitmap_index = 9329, .adv_w = 192, .box_w = 12, .box_h = 11, .ofs_x = 0, .ofs_y = -2},
    {.bitmap_index = 9395, .adv_w = 192, .box_w = 12, .box_h = 10, .ofs_x = 0, .ofs_y = -1},
    {.bitmap_index = 9455, .adv_w = 192, .box_w = 11, .box_h = 10, .ofs_x = 0, .ofs_y = -1},
    {.bitmap_index = 9510, .adv_w = 192, .box_w = 12, .box_h = 11, .ofs_x = 0, .ofs_y = -1},
    {.bitmap_index = 9576, .adv_w = 192, .box_w = 12, .box_h = 12, .ofs_x = 0, .ofs_y = -2},
    {.bitmap_index = 9648, .adv_w = 192, .box_w = 12, .box_h = 11, .ofs_x = 0, .ofs_y = -1},
    {.bitmap_index = 9714, .adv_w = 192, .box_w = 10, .box_h = 11, .ofs_x = 1, .ofs_y = -2},
    {.bitmap_index = 9769, .adv_w = 192, .box_w = 10, .box_h = 10, .ofs_x = 1, .ofs_y = -1},
    {.bitmap_index = 9819, .adv_w = 192, .box_w = 11, .box_h = 11, .ofs_x = 1, .ofs_y = -2},
    {.bitmap_index = 9880, .adv_w = 192, .box_w = 12, .box_h = 12, .ofs_x = 0, .ofs_y = -2},
    {.bitmap_index = 9952, .adv_w = 192, .box_w = 10, .box_h = 11, .ofs_x = 1, .ofs_y = -1},
    {.bitmap_index = 10007, .adv_w = 192, .box_w = 12, .box_h = 10, .ofs_x = 0, .ofs_y = -1},
    {.bitmap_index = 10067, .adv_w = 192, .box_w = 11, .box_h = 12, .ofs_x = 1, .ofs_y = -2},
    {.bitmap_index = 10133, .adv_w = 192, .box_w = 12, .box_h = 11, .ofs_x = 0, .ofs_y = -1},
    {.bitmap_index = 10199, .adv_w = 192, .box_w = 12, .box_h = 11, .ofs_x = 0, .ofs_y = -2},
    {.bitmap_index = 10265, .adv_w = 192, .box_w = 10, .box_h = 10, .ofs_x = 1, .ofs_y = -1},
    {.bitmap_index = 10315, .adv_w = 192, .box_w = 10, .box_h = 10, .ofs_x = 1, .ofs_y = -1},
    {.bitmap_index = 10365, .adv_w = 192, .box_w = 10, .box_h = 11, .ofs_x = 1, .ofs_y = -2},
    {.bitmap_index = 10420, .adv_w = 192, .box_w = 11, .box_h = 12, .ofs_x = 1, .ofs_y = -2},
    {.bitmap_index = 10486, .adv_w = 192, .box_w = 12, .box_h = 10, .ofs_x = 0, .ofs_y = -1},
    {.bitmap_index = 10546, .adv_w = 192, .box_w = 12, .box_h = 11, .ofs_x = 0, .ofs_y = -2},
    {.bitmap_index = 10612, .adv_w = 192, .box_w = 12, .box_h = 11, .ofs_x = 0, .ofs_y = -1},
    {.bitmap_index = 10678, .adv_w = 192, .box_w = 12, .box_h = 11, .ofs_x = 0, .ofs_y = -2},
    {.bitmap_index = 10744, .adv_w = 192, .box_w = 11, .box_h = 10, .ofs_x = 1, .ofs_y = -1},
    {.bitmap_index = 10799, .adv_w = 192, .box_w = 12, .box_h = 11, .ofs_x = 0, .ofs_y = -2},
    {.bitmap_index = 10865, .adv_w = 192, .box_w = 12, .box_h = 11, .ofs_x = 0, .ofs_y = -1},
    {.bitmap_index = 10931, .adv_w = 192, .box_w = 11, .box_h = 12, .ofs_x = 1, .ofs_y = -2},
    {.bitmap_index = 10997, .adv_w = 192, .box_w = 10, .box_h = 10, .ofs_x = 1, .ofs_y = -1},
    {.bitmap_index = 11047, .adv_w = 192, .box_w = 12, .box_h = 12, .ofs_x = 0, .ofs_y = -2},
    {.bitmap_index = 11119, .adv_w = 192, .box_w = 12, .box_h = 10, .ofs_x = 0, .ofs_y = -1},
    {.bitmap_index = 11179, .adv_w = 192, .box_w = 12, .box_h = 12, .ofs_x = 0, .ofs_y = -2},
    {.bitmap_index = 11251, .adv_w = 192, .box_w = 12, .box_h = 11, .ofs_x = 0, .ofs_y = -2},
    {.bitmap_index = 11317, .adv_w = 192, .box_w = 12, .box_h = 10, .ofs_x = 0, .ofs_y = -1},
    {.bitmap_index = 11377, .adv_w = 192, .box_w = 11, .box_h = 12, .ofs_x = 0, .ofs_y = -2},
    {.bitmap_index = 11443, .adv_w = 192, .box_w = 12, .box_h = 11, .ofs_x = 0, .ofs_y = -1},
    {.bitmap_index = 11509, .adv_w = 192, .box_w = 10, .box_h = 12, .ofs_x = 1, .ofs_y = -2},
    {.bitmap_index = 11569, .adv_w = 192, .box_w = 12, .box_h = 10, .ofs_x = 0, .ofs_y = -1},
    {.bitmap_index = 11629, .adv_w = 192, .box_w = 10, .box_h = 11, .ofs_x = 1, .ofs_y = -1},
    {.bitmap_index = 11684, .adv_w = 192, .box_w = 11, .box_h = 12, .ofs_x = 1, .ofs_y = -2},
    {.bitmap_index = 11750, .adv_w = 192, .box_w = 9, .box_h = 10, .ofs_x = 2, .ofs_y = -1},
    {.bitmap_index = 11795, .adv_w = 192, .box_w = 10, .box_h = 11, .ofs_x = 1, .ofs_y = -2},
    {.bitmap_index = 11850, .adv_w = 192, .box_w = 10, .box_h = 11, .ofs_x = 1, .ofs_y = -2},
    {.bitmap_index = 11905, .adv_w = 192, .box_w = 11, .box_h = 10, .ofs_x = 0, .ofs_y = -1},
    {.bitmap_index = 11960, .adv_w = 192, .box_w = 12, .box_h = 11, .ofs_x = 0, .ofs_y = -2},
    {.bitmap_index = 12026, .adv_w = 192, .box_w = 10, .box_h = 11, .ofs_x = 1, .ofs_y = -1},
    {.bitmap_index = 12081, .adv_w = 192, .box_w = 12, .box_h = 11, .ofs_x = 0, .ofs_y = -2},
    {.bitmap_index = 12147, .adv_w = 192, .box_w = 12, .box_h = 10, .ofs_x = 0, .ofs_y = -1},
    {.bitmap_index = 12207, .adv_w = 192, .box_w = 12, .box_h = 11, .ofs_x = 0, .ofs_y = -2},
    {.bitmap_index = 12273, .adv_w = 192, .box_w = 11, .box_h = 10, .ofs_x = 0, .ofs_y = -1},
    {.bitmap_index = 12328, .adv_w = 192, .box_w = 11, .box_h = 10, .ofs_x = 0, .ofs_y = -1},
    {.bitmap_index = 12383, .adv_w = 192, .box_w = 12, .box_h = 10, .ofs_x = 0, .ofs_y = -1},
    {.bitmap_index = 12443, .adv_w = 192, .box_w = 12, .box_h = 11, .ofs_x = 0, .ofs_y = -2},
    {.bitmap_index = 12509, .adv_w = 192, .box_w = 10, .box_h = 12, .ofs_x = 1, .ofs_y = -2},
    {.bitmap_index = 12569, .adv_w = 192, .box_w = 12, .box_h = 10, .ofs_x = 0, .ofs_y = -1},
    {.bitmap_index = 12629, .adv_w = 192, .box_w = 12, .box_h = 11, .ofs_x = 0, .ofs_y = -2},
    {.bitmap_index = 12695, .adv_w = 192, .box_w = 12, .box_h = 11, .ofs_x = 0, .ofs_y = -2},
    {.bitmap_index = 12761, .adv_w = 192, .box_w = 12, .box_h = 11, .ofs_x = 0, .ofs_y = -2},
    {.bitmap_index = 12827, .adv_w = 192, .box_w = 11, .box_h = 11, .ofs_x = 0, .ofs_y = -2},
    {.bitmap_index = 12888, .adv_w = 192, .box_w = 12, .box_h = 11, .ofs_x = 0, .ofs_y = -2},
    {.bitmap_index = 12954, .adv_w = 192, .box_w = 12, .box_h = 11, .ofs_x = 0, .ofs_y = -1},
    {.bitmap_index = 13020, .adv_w = 192, .box_w = 12, .box_h = 11, .ofs_x = 0, .ofs_y = -2},
    {.bitmap_index = 13086, .adv_w = 192, .box_w = 12, .box_h = 12, .ofs_x = 0, .ofs_y = -2},
    {.bitmap_index = 13158, .adv_w = 192, .box_w = 12, .box_h = 12, .ofs_x = 0, .ofs_y = -2},
    {.bitmap_index = 13230, .adv_w = 192, .box_w = 12, .box_h = 10, .ofs_x = 0, .ofs_y = -1},
    {.bitmap_index = 13290, .adv_w = 192, .box_w = 12, .box_h = 12, .ofs_x = 0, .ofs_y = -2},
    {.bitmap_index = 13362, .adv_w = 192, .box_w = 12, .box_h = 11, .ofs_x = 0, .ofs_y = -2},
    {.bitmap_index = 13428, .adv_w = 192, .box_w = 12, .box_h = 11, .ofs_x = 0, .ofs_y = -1},
    {.bitmap_index = 13494, .adv_w = 192, .box_w = 12, .box_h = 12, .ofs_x = 0, .ofs_y = -2},
    {.bitmap_index = 13566, .adv_w = 192, .box_w = 12, .box_h = 12, .ofs_x = 0, .ofs_y = -2},
    {.bitmap_index = 13638, .adv_w = 192, .box_w = 12, .box_h = 12, .ofs_x = 0, .ofs_y = -2},
    {.bitmap_index = 13710, .adv_w = 192, .box_w = 12, .box_h = 12, .ofs_x = 0, .ofs_y = -2},
    {.bitmap_index = 13782, .adv_w = 192, .box_w = 10, .box_h = 11, .ofs_x = 1, .ofs_y = -2},
    {.bitmap_index = 13837, .adv_w = 192, .box_w = 12, .box_h = 11, .ofs_x = 0, .ofs_y = -1},
    {.bitmap_index = 13903, .adv_w = 192, .box_w = 11, .box_h = 11, .ofs_x = 0, .ofs_y = -2},
    {.bitmap_index = 13964, .adv_w = 192, .box_w = 11, .box_h = 12, .ofs_x = 0, .ofs_y = -2},
    {.bitmap_index = 14030, .adv_w = 192, .box_w = 11, .box_h = 12, .ofs_x = 1, .ofs_y = -2},
    {.bitmap_index = 14096, .adv_w = 192, .box_w = 11, .box_h = 11, .ofs_x = 0, .ofs_y = -2},
    {.bitmap_index = 14157, .adv_w = 192, .box_w = 12, .box_h = 10, .ofs_x = 0, .ofs_y = -1},
    {.bitmap_index = 14217, .adv_w = 192, .box_w = 12, .box_h = 11, .ofs_x = 0, .ofs_y = -1},
    {.bitmap_index = 14283, .adv_w = 192, .box_w = 10, .box_h = 10, .ofs_x = 1, .ofs_y = -1},
    {.bitmap_index = 14333, .adv_w = 192, .box_w = 11, .box_h = 11, .ofs_x = 1, .ofs_y = -1},
    {.bitmap_index = 14394, .adv_w = 192, .box_w = 12, .box_h = 12, .ofs_x = 0, .ofs_y = -2},
    {.bitmap_index = 14466, .adv_w = 192, .box_w = 12, .box_h = 11, .ofs_x = 0, .ofs_y = -2},
    {.bitmap_index = 14532, .adv_w = 192, .box_w = 12, .box_h = 11, .ofs_x = 0, .ofs_y = -2},
    {.bitmap_index = 14598, .adv_w = 192, .box_w = 10, .box_h = 11, .ofs_x = 1, .ofs_y = -1},
    {.bitmap_index = 14653, .adv_w = 192, .box_w = 10, .box_h = 11, .ofs_x = 1, .ofs_y = -1},
    {.bitmap_index = 14708, .adv_w = 192, .box_w = 11, .box_h = 12, .ofs_x = 0, .ofs_y = -2},
    {.bitmap_index = 14774, .adv_w = 192, .box_w = 12, .box_h = 10, .ofs_x = 0, .ofs_y = -1},
    {.bitmap_index = 14834, .adv_w = 192, .box_w = 12, .box_h = 12, .ofs_x = 0, .ofs_y = -2},
    {.bitmap_index = 14906, .adv_w = 192, .box_w = 10, .box_h = 11, .ofs_x = 1, .ofs_y = -2},
    {.bitmap_index = 14961, .adv_w = 192, .box_w = 10, .box_h = 10, .ofs_x = 1, .ofs_y = -1},
    {.bitmap_index = 15011, .adv_w = 192, .box_w = 12, .box_h = 10, .ofs_x = 0, .ofs_y = -1},
    {.bitmap_index = 15071, .adv_w = 192, .box_w = 12, .box_h = 10, .ofs_x = 0, .ofs_y = -1},
    {.bitmap_index = 15131, .adv_w = 192, .box_w = 12, .box_h = 12, .ofs_x = 0, .ofs_y = -2},
    {.bitmap_index = 15203, .adv_w = 192, .box_w = 10, .box_h = 11, .ofs_x = 1, .ofs_y = -1},
    {.bitmap_index = 15258, .adv_w = 192, .box_w = 10, .box_h = 11, .ofs_x = 1, .ofs_y = -2},
    {.bitmap_index = 15313, .adv_w = 192, .box_w = 10, .box_h = 10, .ofs_x = 1, .ofs_y = -1},
    {.bitmap_index = 15363, .adv_w = 192, .box_w = 12, .box_h = 12, .ofs_x = 0, .ofs_y = -2},
    {.bitmap_index = 15435, .adv_w = 192, .box_w = 12, .box_h = 13, .ofs_x = 0, .ofs_y = -2},
    {.bitmap_index = 15513, .adv_w = 192, .box_w = 12, .box_h = 9, .ofs_x = 0, .ofs_y = 0},
    {.bitmap_index = 15567, .adv_w = 192, .box_w = 12, .box_h = 11, .ofs_x = 0, .ofs_y = -1},
    {.bitmap_index = 15633, .adv_w = 192, .box_w = 12, .box_h = 9, .ofs_x = 0, .ofs_y = 0},
    {.bitmap_index = 15687, .adv_w = 132, .box_w = 9, .box_h = 9, .ofs_x = 0, .ofs_y = 0},
    {.bitmap_index = 15728, .adv_w = 192, .box_w = 12, .box_h = 13, .ofs_x = 0, .ofs_y = -2},
    {.bitmap_index = 15806, .adv_w = 192, .box_w = 12, .box_h = 13, .ofs_x = 0, .ofs_y = -2},
    {.bitmap_index = 15884, .adv_w = 216, .box_w = 14, .box_h = 11, .ofs_x = 0, .ofs_y = -1},
    {.bitmap_index = 15961, .adv_w = 192, .box_w = 12, .box_h = 13, .ofs_x = 0, .ofs_y = -2},
    {.bitmap_index = 16039, .adv_w = 216, .box_w = 14, .box_h = 9, .ofs_x = 0, .ofs_y = 0},
    {.bitmap_index = 16102, .adv_w = 192, .box_w = 12, .box_h = 13, .ofs_x = 0, .ofs_y = -2},
    {.bitmap_index = 16180, .adv_w = 96, .box_w = 6, .box_h = 10, .ofs_x = 0, .ofs_y = -1},
    {.bitmap_index = 16210, .adv_w = 144, .box_w = 9, .box_h = 10, .ofs_x = 0, .ofs_y = -1},
    {.bitmap_index = 16255, .adv_w = 216, .box_w = 14, .box_h = 13, .ofs_x = 0, .ofs_y = -2},
    {.bitmap_index = 16346, .adv_w = 192, .box_w = 12, .box_h = 9, .ofs_x = 0, .ofs_y = 0},
    {.bitmap_index = 16400, .adv_w = 132, .box_w = 9, .box_h = 13, .ofs_x = 0, .ofs_y = -2},
    {.bitmap_index = 16459, .adv_w = 168, .box_w = 8, .box_h = 12, .ofs_x = 1, .ofs_y = -2},
    {.bitmap_index = 16507, .adv_w = 168, .box_w = 11, .box_h = 13, .ofs_x = 0, .ofs_y = -2},
    {.bitmap_index = 16579, .adv_w = 168, .box_w = 11, .box_h = 11, .ofs_x = 0, .ofs_y = -1},
    {.bitmap_index = 16640, .adv_w = 168, .box_w = 11, .box_h = 11, .ofs_x = 0, .ofs_y = -1},
    {.bitmap_index = 16701, .adv_w = 168, .box_w = 8, .box_h = 12, .ofs_x = 1, .ofs_y = -2},
    {.bitmap_index = 16749, .adv_w = 168, .box_w = 12, .box_h = 11, .ofs_x = -1, .ofs_y = -1},
    {.bitmap_index = 16815, .adv_w = 120, .box_w = 7, .box_h = 11, .ofs_x = 0, .ofs_y = -1},
    {.bitmap_index = 16854, .adv_w = 120, .box_w = 7, .box_h = 11, .ofs_x = 0, .ofs_y = -1},
    {.bitmap_index = 16893, .adv_w = 168, .box_w = 11, .box_h = 11, .ofs_x = 0, .ofs_y = -1},
    {.bitmap_index = 16954, .adv_w = 168, .box_w = 11, .box_h = 3, .ofs_x = 0, .ofs_y = 3},
    {.bitmap_index = 16971, .adv_w = 216, .box_w = 14, .box_h = 9, .ofs_x = 0, .ofs_y = 0},
    {.bitmap_index = 17034, .adv_w = 240, .box_w = 16, .box_h = 13, .ofs_x = 0, .ofs_y = -2},
    {.bitmap_index = 17138, .adv_w = 216, .box_w = 15, .box_h = 13, .ofs_x = -1, .ofs_y = -2},
    {.bitmap_index = 17236, .adv_w = 192, .box_w = 12, .box_h = 11, .ofs_x = 0, .ofs_y = -1},
    {.bitmap_index = 17302, .adv_w = 168, .box_w = 11, .box_h = 7, .ofs_x = 0, .ofs_y = 1},
    {.bitmap_index = 17341, .adv_w = 168, .box_w = 11, .box_h = 7, .ofs_x = 0, .ofs_y = 1},
    {.bitmap_index = 17380, .adv_w = 240, .box_w = 16, .box_h = 10, .ofs_x = -1, .ofs_y = 0},
    {.bitmap_index = 17460, .adv_w = 192, .box_w = 12, .box_h = 9, .ofs_x = 0, .ofs_y = 0},
    {.bitmap_index = 17514, .adv_w = 192, .box_w = 12, .box_h = 13, .ofs_x = 0, .ofs_y = -2},
    {.bitmap_index = 17592, .adv_w = 192, .box_w = 13, .box_h = 13, .ofs_x = -1, .ofs_y = -2},
    {.bitmap_index = 17677, .adv_w = 168, .box_w = 11, .box_h = 11, .ofs_x = 0, .ofs_y = -1},
    {.bitmap_index = 17738, .adv_w = 168, .box_w = 11, .box_h = 13, .ofs_x = 0, .ofs_y = -2},
    {.bitmap_index = 17810, .adv_w = 168, .box_w = 11, .box_h = 11, .ofs_x = 0, .ofs_y = -1},
    {.bitmap_index = 17871, .adv_w = 168, .box_w = 11, .box_h = 11, .ofs_x = 0, .ofs_y = -1},
    {.bitmap_index = 17932, .adv_w = 192, .box_w = 12, .box_h = 9, .ofs_x = 0, .ofs_y = 0},
    {.bitmap_index = 17986, .adv_w = 120, .box_w = 9, .box_h = 13, .ofs_x = -1, .ofs_y = -2},
    {.bitmap_index = 18045, .adv_w = 168, .box_w = 11, .box_h = 13, .ofs_x = 0, .ofs_y = -2},
    {.bitmap_index = 18117, .adv_w = 168, .box_w = 11, .box_h = 13, .ofs_x = 0, .ofs_y = -2},
    {.bitmap_index = 18189, .adv_w = 216, .box_w = 14, .box_h = 9, .ofs_x = 0, .ofs_y = 0},
    {.bitmap_index = 18252, .adv_w = 192, .box_w = 14, .box_h = 13, .ofs_x = -1, .ofs_y = -2},
    {.bitmap_index = 18343, .adv_w = 144, .box_w = 9, .box_h = 13, .ofs_x = 0, .ofs_y = -2},
    {.bitmap_index = 18402, .adv_w = 240, .box_w = 15, .box_h = 12, .ofs_x = 0, .ofs_y = -1},
    {.bitmap_index = 18492, .adv_w = 240, .box_w = 15, .box_h = 9, .ofs_x = 0, .ofs_y = 0},
    {.bitmap_index = 18560, .adv_w = 240, .box_w = 15, .box_h = 9, .ofs_x = 0, .ofs_y = 0},
    {.bitmap_index = 18628, .adv_w = 240, .box_w = 15, .box_h = 9, .ofs_x = 0, .ofs_y = 0},
    {.bitmap_index = 18696, .adv_w = 240, .box_w = 15, .box_h = 9, .ofs_x = 0, .ofs_y = 0},
    {.bitmap_index = 18764, .adv_w = 240, .box_w = 15, .box_h = 9, .ofs_x = 0, .ofs_y = 0},
    {.bitmap_index = 18832, .adv_w = 240, .box_w = 16, .box_h = 11, .ofs_x = 0, .ofs_y = -1},
    {.bitmap_index = 18920, .adv_w = 168, .box_w = 10, .box_h = 13, .ofs_x = 0, .ofs_y = -2},
    {.bitmap_index = 18985, .adv_w = 168, .box_w = 11, .box_h = 13, .ofs_x = 0, .ofs_y = -2},
    {.bitmap_index = 19057, .adv_w = 192, .box_w = 13, .box_h = 13, .ofs_x = -1, .ofs_y = -2},
    {.bitmap_index = 19142, .adv_w = 240, .box_w = 15, .box_h = 9, .ofs_x = 0, .ofs_y = 0},
    {.bitmap_index = 19210, .adv_w = 144, .box_w = 9, .box_h = 13, .ofs_x = 0, .ofs_y = -2},
    {.bitmap_index = 19269, .adv_w = 193, .box_w = 13, .box_h = 9, .ofs_x = 0, .ofs_y = 0}
};

/*---------------------
 *  CHARACTER MAPPING
 *--------------------*/

static const uint16_t unicode_list_1[] = {
    0x0, 0x4, 0x20, 0x23, 0x31, 0x3f, 0x46, 0x84,
    0xa4, 0xec, 0xf3, 0x116, 0x144, 0x152, 0x175, 0x1d3,
    0x1d7, 0x20f, 0x232, 0x25b, 0x35b, 0x369, 0x38f, 0x3bc,
    0x3f0, 0x3f1, 0x3fc, 0x413, 0x416, 0x426, 0x42c, 0x42d,
    0x443, 0x495, 0x49e, 0x50c, 0x53d, 0x54b, 0x54d, 0x578,
    0x581, 0x5c3, 0x5c7, 0x5cc, 0x5d9, 0x5e0, 0x607, 0x61c,
    0x625, 0x62e, 0x672, 0x85e, 0x8d4, 0x8f0, 0x91e, 0x93d,
    0x981, 0xafd, 0xb03, 0xb27, 0xb73, 0xbc1, 0xc27, 0xd4d,
    0xd4e, 0xd82, 0xd90, 0xd94, 0xdaf, 0xdef, 0xe45, 0xee6,
    0xfe8, 0x102e, 0x1069, 0x106c, 0x109c, 0x10ad, 0x10f0, 0x10f6,
    0x1105, 0x112f, 0x114b, 0x1158, 0x115f, 0x117b, 0x11a0, 0x11f7,
    0x1231, 0x1258, 0x1265, 0x12bb, 0x1406, 0x1441, 0x1449, 0x14fd,
    0x1558, 0x159b, 0x15c6, 0x16c3, 0x172f, 0x1745, 0x177d, 0x17a6,
    0x17af, 0x17ec, 0x1825, 0x1834, 0x18ea, 0x18f6, 0x18ff, 0x1922,
    0x1930, 0x1975, 0x19db, 0x1a17, 0x1ab6, 0x1c17, 0x1d59, 0x1e56,
    0x1e97, 0x1ed8, 0x1f37, 0x1f7e, 0x1fe7, 0x201f, 0x2086, 0x226b,
    0x22af, 0x22e3, 0x243e, 0x244f, 0x24ac, 0x257d, 0x25a5, 0x25f9,
    0x271e, 0x272b, 0x2731, 0x287a, 0x28c7, 0x28ce, 0x29f7, 0x2a64,
    0x2b30, 0x2c03, 0x2d3f, 0x2e71, 0x2ef1, 0x309d, 0x30b5, 0x30d2,
    0x30d5, 0x30dd, 0x30e3, 0x310c, 0x3147, 0x3164, 0x32f3, 0x3307,
    0x33e0, 0x3465, 0x3468, 0x3478, 0x34e7, 0x35d2, 0x36d3, 0x38f8,
    0x3a42, 0x3a5e, 0x3b77, 0x3bbc, 0x3bdc, 0x3bf6, 0x3d97, 0x3d9a,
    0x3da4, 0x3db4, 0x3dc7, 0x3ddb, 0x3ddc, 0x3de3, 0x3ded, 0x3df9,
    0x3e2d, 0x3f1b, 0x415e, 0x4187, 0x4189, 0x41c6, 0x41ca, 0x41cf,
    0x41d1, 0x41d4, 0x41ef, 0x41f6, 0x4210, 0x4215, 0x42de, 0x4343,
    0x43c3, 0x43c5, 0x46f4, 0x4724, 0x4775, 0x47e3, 0x47ea, 0x47fe,
    0x485a, 0x4885, 0x48f6, 0x4958, 0x4a6c, 0x4a8e, 0x4a92, 0x4c62,
    0x4cce, 0x5019, 0x50ce, 0xa1f7, 0xa1fe, 0xa201, 0xa202, 0xa203,
    0xa207, 0xa209, 0xa20b, 0xa20f, 0xa212, 0xa217, 0xa21c, 0xa21d,
    0xa21e, 0xa234, 0xa239, 0xa23e, 0xa241, 0xa242, 0xa243, 0xa247,
    0xa248, 0xa249, 0xa24a, 0xa25d, 0xa25e, 0xa264, 0xa266, 0xa267,
    0xa26a, 0xa26d, 0xa26e, 0xa26f, 0xa271, 0xa289, 0xa28b, 0xa2ba,
    0xa2bb, 0xa2bd, 0xa2bf, 0xa2d6, 0xa2dd, 0xa2e0, 0xa2e9, 0xa312,
    0xa31a, 0xa351, 0xa3e1, 0xa436, 0xa437, 0xa438, 0xa439, 0xa43a,
    0xa47d, 0xa489, 0xa4e3, 0xa4fa, 0xa750, 0xa9b8, 0xaa98
};

/*Collect the unicode lists and glyph_id offsets*/
static const lv_font_fmt_txt_cmap_t cmaps[] =
{
    {
        .range_start = 32, .range_length = 95, .glyph_id_start = 1,
        .unicode_list = NULL, .glyph_id_ofs_list = NULL, .list_length = 0, .type = LV_FONT_FMT_TXT_CMAP_FORMAT0_TINY
    },
    {
        .range_start = 19978, .range_length = 43673, .glyph_id_start = 96,
        .unicode_list = unicode_list_1, .glyph_id_ofs_list = NULL, .list_length = 279, .type = LV_FONT_FMT_TXT_CMAP_SPARSE_TINY
    }
};



/*--------------------
 *  ALL CUSTOM DATA
 *--------------------*/

#if LVGL_VERSION_MAJOR == 8
/*Store all the custom data of the font*/
static  lv_font_fmt_txt_glyph_cache_t cache;
#endif

#if LVGL_VERSION_MAJOR >= 8
static const lv_font_fmt_txt_dsc_t font_dsc = {
#else
static lv_font_fmt_txt_dsc_t font_dsc = {
#endif
    .glyph_bitmap = glyph_bitmap,
    .glyph_dsc = glyph_dsc,
    .cmaps = cmaps,
    .kern_dsc = NULL,
    .kern_scale = 0,
    .cmap_num = 2,
    .bpp = 4,
    .kern_classes = 0,
    .bitmap_format = 0,
#if LVGL_VERSION_MAJOR == 8
    .cache = &cache
#endif
};



/*-----------------
 *  PUBLIC FONT
 *----------------*/

/*Initialize a public general font descriptor*/
#if LVGL_VERSION_MAJOR >= 8
const lv_font_t lv_font_AaPingPingGuoGuoXiangSuTi_12 = {
#else
lv_font_t lv_font_AaPingPingGuoGuoXiangSuTi_12 = {
#endif
    .get_glyph_dsc = lv_font_get_glyph_dsc_fmt_txt,    /*Function pointer to get glyph's data*/
    .get_glyph_bitmap = lv_font_get_bitmap_fmt_txt,    /*Function pointer to get glyph's bitmap*/
    .line_height = 13,          /*The maximum line height required by the font*/
    .base_line = 2,             /*Baseline measured from the bottom of the line*/
#if !(LVGL_VERSION_MAJOR == 6 && LVGL_VERSION_MINOR == 0)
    .subpx = LV_FONT_SUBPX_NONE,
#endif
#if LV_VERSION_CHECK(7, 4, 0) || LVGL_VERSION_MAJOR >= 8
    .underline_position = -1,
    .underline_thickness = 1,
#endif
    .dsc = &font_dsc,          /*The custom font data. Will be accessed by `get_glyph_bitmap/dsc` */
#if LV_VERSION_CHECK(8, 2, 0) || LVGL_VERSION_MAJOR >= 9
    .fallback = NULL,
#endif
    .user_data = NULL,
};



#endif /*#if LV_FONT_AAPINGPINGGUOGUOXIANGSUTI_12*/

